name,artist,id,playlist,danceability,energy,key,loudness,mode,speechiness,acousticness,instrumentalness,liveness,valence,tempo,duration_ms,time_signature
Lost In Yesterday,Tame Impala,3eoNUm0LU9hATVVi9w4fM6,i.vi,0.569,0.84,1,-4.123,1,0.118,0.0295,0.000118,0.0995,0.749,183.059,249587,3
"Lights Out, Words Gone",Bombay Bicycle Club,1bKQdPJ9lid6Yg26HAx8Tf,i.vi,0.649,0.76,8,-7.275,1,0.0298,0.577,0.332,0.107,0.654,106.002,301347,4
Sleep Forever,Portugal. The Man,1l5lKWHRfyY7Y3FvDBXlvJ,i.vi,0.513,0.467,7,-8.305,1,0.0295,0.367,0.000542,0.319,0.31,145.027,380547,4
Daffodils (feat. Kevin Parker),Mark Ronson,1v0ufp7FLTFcykUGOmFZKa,i.vi,0.723,0.539,0,-8.041,1,0.038,0.0412,0.0132,0.0343,0.283,108.946,298133,4
The Message (feat. Melle Mel & Duke Bootee),Grandmaster Flash & The Furious Five,5DuTNKFEjJIySAyJH1yNDU,i.vi,0.947,0.607,10,-10.58,0,0.202,0.0249,4.76e-06,0.0861,0.732,100.619,431800,4
Sundown Syndrome,Tame Impala,04s46zhESDMuqdH7hPV5pZ,i.vi,0.2,0.725,8,-4.88,0,0.0377,0.0952,0.494,0.135,0.326,69.075,349333,4
Apocalypse Dreams,Tame Impala,6g4i8boXgdS7L2UOxJWUMH,i.vi,0.495,0.933,8,-2.287,1,0.0507,0.229,0.135,0.0837,0.27,127.984,356947,4
"Call It Fate, Call It Karma",The Strokes,3Y4rUyw7XBCK6hGHCOt6rp,i.vi,0.544,0.241,4,-14.779,0,0.03,0.983,0.774,0.101,0.359,109.437,204773,4
Only A Fool Would Say That,Steely Dan,6eT2fNwiVD04D3R4uP5qOv,i.vi,0.803,0.531,0,-11.967,1,0.0348,0.712,0.0,0.197,0.965,130.05,177533,4
Under Control,The Strokes,3kKb3U3a8jmUJQB9ypE1Jl,i.vi,0.401,0.723,1,-4.651,1,0.0291,0.341,0.775,0.0543,0.66,90.596,187153,4
Darling,Real Estate,36PQh1G6h7n9VWB799fXpI,i.vi,0.596,0.894,0,-5.407,1,0.0265,0.00878,0.00659,0.104,0.572,132.994,260387,5
Still Beating,Mac DeMarco,2N4idqj9TT3HnH2OFT9j0v,i.vi,0.709,0.496,1,-10.528,0,0.0417,0.581,0.195,0.151,0.469,78.477,181587,4
When You Die,MGMT,3td69vL9Py7Ai9wfXYnvji,i.vi,0.645,0.938,11,-4.557,0,0.0391,0.0946,0.0226,0.159,0.495,140.886,263880,4
Charlie Don't Surf - Remastered,The Clash,5T4j3Uv33fQO7tsR2lMl4y,i.vi,0.51,0.595,2,-11.021,1,0.0378,0.0976,0.0176,0.338,0.64,131.761,294093,4
Every Time I Try,Airpark,5X4FloCM3AILu007o8Wy0i,i.vi,0.618,0.71,2,-6.374,1,0.0299,0.225,0.0243,0.182,0.687,125.039,183920,4
The Girl From Ipanema,Stan Getz,3898C4AbdbptwYet6547e5,i.vi,0.664,0.194,5,-15.487,0,0.0357,0.909,3.85e-05,0.0829,0.443,129.863,321827,4
"Hey Young World (feat. Aloe Blacc, Devoya)",Fashawn,1oBjEOqMo4Y33RPZHuZb8M,i.vi,0.638,0.503,10,-11.325,1,0.349,0.353,6.48e-06,0.26,0.555,95.149,246243,4
Freaking Out the Neighborhood,Mac DeMarco,25SJaCCPiosugnlY53VhRG,i.vi,0.565,0.832,8,-5.751,0,0.108,0.0639,0.0291,0.386,0.847,143.302,173889,4
Birds Dont Sing,TV Girl,0V34LU5aBA3hYgq178hFFY,i.vi,0.612,0.942,7,-4.549,1,0.0568,0.016,0.0,0.137,0.807,106.57,209347,4
Black Lipstick,Chicano Batman,3kzOYFM5ZTj45uLhpSoINZ,i.vi,0.824,0.418,11,-8.962,1,0.0423,0.104,0.000534,0.12,0.785,121.469,229373,4
Gypsy Woman (She's Homeless) - Basement Boy Strip To The Bone Mix,Crystal Waters,1SShxVVBeZBCY7WddnksPz,i.vi,0.484,0.641,5,-12.612,1,0.0377,0.000779,0.278,0.0738,0.181,119.981,451827,4
Starlight (Original Version),The Supermen Lovers,5luWJxS799LLp2e88RffUx,i.vi,0.706,0.66,0,-5.127,1,0.034,0.000419,0.0481,0.139,0.642,127.48,364333,4
Moon Child,The F16s,4TcrTb8W4lKkoi62nwU5GO,i.vi,0.606,0.713,9,-5.987,1,0.0314,0.0568,0.00262,0.0814,0.549,120.016,279841,4
Salad Days,Mac DeMarco,4keAoywVf4jxRvXU7ON0hV,i.vi,0.43,0.771,5,-7.176,1,0.0375,0.0876,0.0239,0.121,0.772,201.001,145893,4
Sweep Me off My Feet,Pond,6iFwcRQsGBmW4paSWz5phj,i.vi,0.411,0.806,7,-3.836,0,0.0402,0.000264,1.08e-05,0.694,0.202,100.157,209093,4
Innerbloom,RÜFÜS DU SOL,05kVyNUR9uibHta4jcGTTv,i.vi,0.729,0.72,3,-6.69,1,0.0371,0.125,0.353,0.178,0.0388,122.015,578041,4
Is It True,Tame Impala,6RZmhpvukfyeSURhf4kZ0d,i.vi,0.731,0.664,0,-5.474,1,0.0302,0.00307,0.35,0.133,0.661,118.018,239267,4
Losing My Mind,Moonboy Inc.,4ck8x8Gf8exoz23vvRLXjI,i.vi,0.694,0.675,6,-8.012,0,0.0528,0.213,7.11e-05,0.158,0.321,122.039,206192,4
Orpheus Under the Influence,The Buttertones,7KwJrAQMoJyUEBes3evMLv,i.vi,0.362,0.871,2,-6.546,1,0.0502,0.0365,0.000256,0.114,0.526,151.722,134080,4
Deadbeat Summer,Neon Indian,0Ff8rF6FX2aoXoz4tG4Ufj,i.vi,0.711,0.579,0,-8.443,1,0.274,0.0087,0.00243,0.0925,0.711,120.052,242867,4
In My Mind,Dynoro,0E9ZjEAyAwOXZ7wJC0PD33,i.vi,0.694,0.77,6,-5.335,1,0.149,0.176,1.1e-05,0.118,0.163,125.905,184560,4
One More Hour,Tame Impala,0mO6oS60RST2sWmN2FKknP,i.vi,0.647,0.398,4,-8.63,1,0.0283,0.108,0.107,0.148,0.32,102.029,432560,4
Weekend,Smith Westerns,0tMrhzihI4NuFUKWHJv3RM,i.vi,0.397,0.853,9,-3.567,1,0.0314,0.000922,0.0355,0.0832,0.828,153.881,200027,4
Until the Sun Needs to Rise,RÜFÜS DU SOL,1wvpgZJo2GuYyxfNU2O42I,i.vi,0.726,0.691,8,-8.033,1,0.0337,0.011,0.292,0.0916,0.118,119.996,292045,4
Lost In My Mind,RÜFÜS DU SOL,4dA01Cx5JPj6L7n3V1Zj1J,i.vi,0.586,0.809,6,-5.512,1,0.0342,0.01,0.000983,0.103,0.27,119.982,262907,4
No Place,RÜFÜS DU SOL,71IpLCdWNvPzYwMa9PS9zM,i.vi,0.616,0.867,4,-6.232,0,0.0315,0.0161,0.125,0.147,0.198,120.018,238920,4
Another Life,RÜFÜS DU SOL,1aiYXAvBYhhCFezkB2tzYP,i.vi,0.65,0.827,4,-8.218,0,0.0445,0.0217,0.134,0.102,0.0369,121.989,400067,4
Medusa In Chains (Japan Bonus Track),The Fratellis,0nT6NbkEncWyQ8qiRcnhPT,i.vi,0.532,0.666,2,-7.684,1,0.043,0.351,1.28e-06,0.134,0.219,81.543,190173,4
Dark Red,Steve Lacy,37y7iDayfwm3WXn5BiAoRk,i.vi,0.603,0.783,6,-4.023,1,0.062,0.449,7.96e-06,0.119,0.775,172.041,173104,4
Joypunks,Big Wild,2Ob2E0owyR8gdF0YGf0fZp,i.vi,0.694,0.669,7,-5.748,1,0.0328,0.0382,0.021,0.0975,0.338,121.987,195492,4
Tell Me,RÜFÜS DU SOL,5CyrY4XoXx6U1zbHDr7PtZ,i.vi,0.677,0.737,7,-7.409,1,0.027,0.0697,0.0537,0.357,0.318,119.988,229337,4
New Sky - Live from Joshua Tree,RÜFÜS DU SOL,0ebu8hPrbhvVNeH9RTsDA2,i.vi,0.622,0.828,5,-6.338,1,0.0281,0.000677,0.0153,0.165,0.186,124.033,327627,4
Blue World,Mac Miller,2hwOoMtWPtTSSn6WHV7Vp5,i.vi,0.742,0.553,8,-8.98,1,0.419,0.389,0.0,0.0694,0.508,84.931,209440,4
Why Won't You Make Up Your Mind? - Live,Tame Impala,0bnlXSOf9gxMDGqtn5Hphq,i.vi,0.488,0.957,5,-7.322,1,0.0742,0.049,0.334,0.202,0.166,128.228,261550,4
One More Year,Tame Impala,5ozqshq2dtU7SYCpCBu0NE,i.vi,0.602,0.88,1,-5.414,1,0.0354,0.057,0.46,0.284,0.493,114.009,324013,4
C.U.D.I - Can U Dig It,Cosmo's Midnight,0qx4nlKPxSfnaj3QTZhOn2,i.vi,0.607,0.864,6,-7.328,1,0.0422,0.0324,0.107,0.147,0.683,113.995,223982,4
Say a Prayer For Me,RÜFÜS DU SOL,0hmY0QQ1VvSdpkBkXI3oOf,i.vi,0.821,0.675,7,-6.661,0,0.0709,0.227,0.019,0.0765,0.551,116.014,277324,4
People Everywhere (Still Alive),Khruangbin,2OQ1V0e2O56AeIo4ywuYKF,i.vi,0.551,0.648,7,-13.088,1,0.0627,0.043,0.655,0.41,0.807,109.209,159013,4
Marinade,DOPE LEMON,4zCrOO8OAjpnmekfIxzTsl,i.vi,0.677,0.74,2,-6.528,1,0.0243,0.242,0.0146,0.105,0.679,110.193,237961,4
Use Me,Bill Withers,4gRA0i5sxx3jAhHaVjPnUN,i.vi,0.759,0.586,11,-13.461,0,0.056,0.0333,0.00312,0.0743,0.948,154.624,228327,4
Breathe Deeper,Tame Impala,3LbZIhU0smEU5SUnxod4j4,i.vi,0.664,0.848,11,-4.51,0,0.0322,0.0245,0.000127,0.172,0.502,104.998,372867,4
Lovely Day (Bonus Track),alt-J,4OxtqhSBnOsgGc1yfYAfOn,i.vi,0.465,0.487,11,-8.743,1,0.0399,0.0483,0.344,0.0951,0.203,97.847,241546,4
Ooh LA LA (feat. Greg Nice & DJ Premier),Run The Jewels,4duqfee47U0bYpEGkIBp47,i.vi,0.686,0.824,11,-5.413,1,0.34,0.157,0.0,0.242,0.405,170.079,183827,4
The Adults Are Talking,The Strokes,5ruzrDWcT0vuJIOMW7gMnW,i.vi,0.593,0.749,5,-5.671,1,0.0475,0.0116,0.108,0.314,0.65,164.961,309053,4
Let Her Go,Mac DeMarco,7KmawNv6JUgZ54gSyVF6VQ,i.vi,0.594,0.663,6,-7.588,1,0.0292,0.00512,0.123,0.162,0.806,111.123,182607,4
Heart Of Glass - Special Mix,Blondie,0a4agFmqHXxcZl1nho1BxM,i.vi,0.694,0.577,4,-14.63,1,0.0308,0.015,0.00836,0.0853,0.845,114.478,275733,4
Comfortably Numb,Scissor Sisters,1Nfl4UGkzTHJMZ7itDY3IU,i.vi,0.802,0.92,7,-6.481,1,0.0391,0.234,0.0221,0.101,0.81,116.977,264640,4
Love Test,The Growlers,71bWpBImqNaLjIvfV50Hsa,i.v,0.65,0.728,2,-7.27,1,0.0263,0.00755,0.000446,0.353,0.742,114.984,249267,4
Holy Toledo,Vundabar,7vlX33qkhVUSMUe0wpTOyc,i.v,0.455,0.515,1,-7.689,0,0.0252,0.0082,0.251,0.137,0.215,86.944,320075,4
The Bottom of It,Fruit Bats,4bva6j9FaGs1rdCzScAqLk,i.v,0.495,0.625,5,-10.728,1,0.0466,0.138,0.0175,0.117,0.293,77.773,181400,4
Cellar Door - Demo,Hippo Campus,6tTxay06tSJG4zcDXVM8XC,i.v,0.588,0.661,0,-7.755,1,0.0316,0.784,0.412,0.102,0.766,165.03,128813,4
Another Kind Of Green - Live In Concert,John Mayer Trio,21Eln1zIL4yA6XNLEd00fc,i.v,0.408,0.623,4,-8.054,1,0.0312,0.43,0.00105,0.707,0.371,183.202,279973,3
Bang Bang,The Avett Brothers,2zgcdhjzCEAMLa7FxzmfhA,i.v,0.591,0.265,4,-8.407,1,0.0316,0.821,0.0,0.162,0.322,126.05,252827,4
Involved,Towkio,69oGXYDezTiGTnJ1DUSUPF,i.v,0.696,0.745,6,-6.798,1,0.457,0.0678,0.0,0.339,0.708,114.927,168458,4
Kamikaze,Magic City Hippies,5rfpOPFzGNlCdm8fTRun1v,i.v,0.586,0.785,8,-6.632,1,0.0342,0.00297,0.103,0.112,0.81,147.992,310360,4
Closer,POWERS,0IyPLTOYCocp1DJI2j8t0x,i.v,0.794,0.595,10,-6.17,1,0.0409,0.0309,2.88e-05,0.312,0.869,114.01,214907,4
Young Dumb & Broke,Khalid,5Z3GHaZ6ec9bsiI5BenrbY,i.v,0.798,0.539,1,-6.351,1,0.0421,0.199,1.66e-05,0.165,0.394,136.949,202547,4
Kentucky - Demo,Hippo Campus,3427pTE7qC2GzplghWAmD9,i.v,0.467,0.566,9,-8.273,1,0.0376,0.65,0.933,0.153,0.114,155.091,241547,3
Dollar Bill,Hippo Campus,17D3saZiiduvOg7Bg6ebGw,i.v,0.407,0.79,0,-5.895,1,0.0416,0.114,0.000277,0.112,0.403,134.976,251602,4
Hurt Feelings,Mac Miller,5p7GiBZNL1afJJDUrOA6C8,i.v,0.69,0.462,8,-8.054,1,0.13,0.343,0.00218,0.113,0.325,157.655,245640,4
I Want What You Got,Palace,6wimdClggXbqamkhOsyRQ9,i.v,0.383,0.393,2,-9.357,1,0.0252,0.147,0.00511,0.142,0.177,88.127,242430,4
Weekend Friend,Goth Babe,2d3QlXE6FXFDeodiS66yjM,i.v,0.409,0.594,1,-9.725,1,0.031,0.032,0.0391,0.0904,0.212,110.187,209455,4
Northern Lights,Satin Jackets,3VT2WolplCglmbxCdiFy5A,i.v,0.685,0.744,5,-7.5,1,0.0432,0.171,0.166,0.0936,0.601,111.017,255792,4
What Would I Do,Magic City Hippies,6M1gGrSG5UHlBrFKcuOG9l,i.v,0.561,0.749,8,-7.212,0,0.0431,0.41,0.471,0.12,0.788,168.108,169000,4
Straight Jacket,Bay Ledges,6t6bOh1jmVcRke7rmzAegb,i.v,0.616,0.657,7,-5.375,1,0.0649,0.117,0.0,0.11,0.927,79.919,205066,4
No Poms - Demo,Hippo Campus,1tQjULR145FBGcA6VFWGUD,i.v,0.447,0.945,2,-3.338,1,0.116,0.118,0.37,0.153,0.524,117.595,171573,4
Imagination,Foster The People,2flxduIqEbsicdmPyj1WVW,i.v,0.744,0.642,2,-4.6,0,0.031,0.115,3.95e-05,0.279,0.63,94.988,256267,4
The Wind Cries Mary,Jimi Hendrix,5H6Jp0syB5yEPk7SWYdlmk,i.v,0.499,0.495,5,-10.508,1,0.0501,0.348,0.0286,0.2,0.339,80.086,200733,4
Doubt - Demo,Hippo Campus,2otguAGGnNYyLEa6gsRqK8,i.v,0.649,0.384,0,-6.033,1,0.0323,0.174,0.000578,0.241,0.435,80.972,199800,4
Sleeping Lessons,The Shins,3GbvAuf1qB1XxwnNoRcAFy,i.v,0.517,0.511,4,-8.191,1,0.0339,0.19,0.00827,0.14,0.179,115.022,238027,4
Baby - Recorded at Spotify Studios NYC,Hippo Campus,3pLtWj9iW6HT2TWAPcMZhg,i.v,0.55,0.374,0,-8.079,1,0.0237,0.721,0.000168,0.133,0.193,94.031,281248,4
That's Life (feat. Mac Miller & Sia),88-Keys,5h0Jgt873QtgL6nJRBGfT6,i.v,0.525,0.774,9,-4.532,1,0.241,0.24,1.07e-06,0.495,0.526,154.192,202391,4
wish you were gay,Billie Eilish,4txc3txsIt81diMzGhrVPS,i.v,0.853,0.351,7,-10.198,1,0.241,0.39,9.38e-06,0.752,0.282,118.028,221543,4
Time,Pink Floyd,3TO7bbrUKrOSPGRTB5MeCz,i.v,0.358,0.48,9,-11.79,1,0.0849,0.521,0.00428,0.178,0.356,120.317,413947,4
Breathe (In The Air) - 2011 Remastered Version,Pink Floyd,3zJRvtQkHQRTNEXSY8jQPR,i.v,0.431,0.375,11,-15.142,0,0.0347,0.391,0.721,0.143,0.258,128.153,169535,4
Keep Me Around,The Wood Brothers,5NNXPVydz9kE8xOY7ycj4r,i.v,0.541,0.342,2,-11.753,1,0.0467,0.611,0.000527,0.0952,0.49,87.594,218520,4
Gold Coast - EP Version,Grouplove,5METRwH17Xafzvhn0VVGBi,i.v,0.623,0.618,1,-6.556,0,0.0342,0.0228,0.0,0.115,0.47,129.967,294747,4
Life In The City,The Lumineers,5m5ujaIcyabeTxIV48Gx1D,i.v,0.743,0.57,0,-7.376,1,0.0335,0.506,5.18e-05,0.0994,0.273,97.005,231360,3
IGOR'S THEME,"Tyler, The Creator",51RN0kzWd7xeR4th5HsEtW,i.v,0.467,0.672,10,-7.371,0,0.377,0.00559,0.243,0.607,0.0648,163.1,200693,4
Indiana,Magic City Hippies,1RKcRHKDamJjZFxq7g3htb,i.v,0.386,0.87,0,-6.024,1,0.125,0.00241,0.0504,0.156,0.888,80.342,198920,4
Brendan's Death Song,Red Hot Chili Peppers,2pAho4WqtK5hQtgImHzT74,i.v,0.355,0.87,7,-3.82,1,0.125,0.00998,0.000111,0.114,0.184,114.484,338333,4
Rhiannon,Fleetwood Mac,05oETzWbd4SI33qK2gbJfR,i.v,0.723,0.49,9,-14.745,0,0.0296,0.111,0.0946,0.0923,0.795,129.012,252773,4
Time to Pretend,MGMT,4iG2gAwKXsOcijVaVXzRPW,i.v,0.438,0.94,2,-3.249,1,0.0452,8.74e-05,0.0777,0.3,0.421,100.99,261000,3
When The Hunter Gets Captured By The Game,Jerry Garcia,6HN6xC99joXDRhcEzLTPvj,i.v,0.753,0.575,11,-8.783,0,0.0369,0.525,4.81e-05,0.103,0.686,117.014,169213,4
Pop Song,STRFKR,1P8Ym62T2oUIi5cyrf6oAE,i.v,0.292,0.729,5,-8.146,1,0.0635,0.00349,0.751,0.192,0.182,179.854,235707,4
If I Ever Feel Better,Phoenix,3AA8xNhDC0MpqwkGX3EP5V,i.v,0.755,0.553,6,-9.449,0,0.107,0.0492,0.00607,0.0646,0.836,119.7,266600,4
Rich Man,Vampire Weekend,2WaaqcSdsLliuWTnmY4rLC,oh no,0.499,0.397,9,-9.957,1,0.0675,0.795,0.00138,0.129,0.187,176.12,149987,4
Crave You,Flight Facilities,4ESWJepzBtY2lR9oZDYVaP,oh no,0.921,0.48,1,-9.2,0,0.0823,0.0976,0.0,0.0768,0.317,120.043,234787,4
Antananarivo,Vera,2sKLBbd1TNUeR8rFOtHONd,oh no,0.707,0.565,9,-7.852,1,0.126,0.746,4.03e-05,0.113,0.669,89.895,186529,4
2am,Slightly Stoopid,4cs6ORX8aKd6rtVdwAnnel,oh no,0.794,0.577,2,-8.549,1,0.111,0.00594,0.37,0.0708,0.645,82.46,299600,4
Kids Turned Out Fine,A$AP Rocky,0qp8MuZNKelOGTK2HPlXBA,oh no,0.305,0.668,1,-9.404,1,0.222,0.271,3.8e-05,0.369,0.128,163.314,183120,5
Bound To Lose,Electric Guest,3l8MLr9ihD4WxK9DPKcOwW,oh no,0.643,0.692,1,-6.031,0,0.0359,0.0108,0.000215,0.0785,0.707,145.675,223613,4
IPlayYouListen,ODESZA,79e0YKpjkkUpPEmmdxPVEX,oh no,0.577,0.747,9,-4.948,1,0.0359,0.0241,0.0864,0.113,0.313,124.601,292777,4
Players Holiday,Donnie Trumpet,7zpnpMyWvmuWziWVSyaenl,oh no,0.485,0.538,0,-6.797,1,0.0282,0.23,0.000389,0.156,0.532,82.088,198170,4
Some Sunsick Day,Morgan Delt,54WIS7qug0Gnt65eD9gg8g,oh no,0.487,0.637,1,-9.305,1,0.0302,0.434,0.729,0.0873,0.486,150.078,311280,3
Liquid Summer,Diamond Messages,2aNGCrhh1BtVcxNtafQd7p,oh no,0.622,0.666,9,-5.184,1,0.0277,0.000599,0.0247,0.125,0.24,129.948,226000,4
All We Need,Raury,45tORLTHGyzygZNVnAhYnf,oh no,0.459,0.496,5,-8.832,1,0.0341,0.397,0.0469,0.122,0.0455,105.044,283320,4
Hot Shit,Towkio,4nxafHH0kGdG3H3K88N4jO,oh no,0.734,0.618,10,-6.863,0,0.0431,0.0128,0.0,0.316,0.54,105.998,219693,4
Brazil,Declan McKenna,5ftdTvmQjjsL23t7jxADfI,oh no,0.689,0.617,4,-5.196,1,0.0289,0.0918,2.02e-05,0.0816,0.682,121.062,252307,4
Hallucinating,Elohim,39Qv03aCbWnguEMWzUDao2,oh no,0.772,0.765,9,-6.281,1,0.0452,0.112,0.00718,0.0998,0.661,107.015,218135,4
Bambi,Jidenna,5KWV7S3osWbeOMPHCeWVyK,oh no,0.748,0.623,5,-5.08,1,0.0285,0.109,0.0,0.15,0.21,105.045,250000,4
Fences,Magic Bronson,7G5RuFPZMYaGJOC6WndE9b,oh no,0.675,0.521,1,-7.658,1,0.0361,0.000271,3.33e-06,0.121,0.448,120.004,219040,4
Pseudologia Fantastica,Foster The People,6eKEJZFWllRX4UALhPU967,oh no,0.286,0.892,5,-3.767,0,0.0731,0.000561,0.00016,0.157,0.374,172.016,331187,4
Somewhere to Fall,Cbdb,6lzZuai0FfaWESnH6UAltt,oh no,0.633,0.914,1,-6.41,1,0.0337,0.294,0.00321,0.112,0.775,122.362,235596,4
West Savannah (feat. SZA),Isaiah Rashad,0Gt4nGWoATcQFL38a1NRao,oh no,0.652,0.906,9,-4.032,1,0.161,0.13,0.0681,0.504,0.559,125.103,167277,4
Janet,Berhana,3ml3WB66sqG4kXoPBX2POA,oh no,0.81,0.308,0,-8.194,1,0.0818,0.354,0.0,0.0899,0.56,120.012,204000,4
Adeline,alt-J,1fxdSIUrAwrLK5J2uyOwk9,oh no,0.418,0.329,6,-14.821,0,0.033,0.704,0.91,0.125,0.0397,142.026,350333,4
Ms,alt-J,0pCTr2E9CtulIwNprituKi,oh no,0.611,0.413,5,-11.408,1,0.0352,0.876,0.0226,0.0799,0.0698,130.972,238747,4
Them Changes (feat. Flying Lotus & Kamasi Washington),Thundercat,7hmiDaBxoyLW094H8vup2S,oh no,0.791,0.58,8,-8.377,1,0.0588,0.555,0.00155,0.116,0.757,81.678,187210,4
Super Rich Kids,Frank Ocean,0725YWm6Z0TpZ6wrNk64Eb,oh no,0.739,0.419,3,-8.241,0,0.0854,0.219,0.0,0.196,0.58,60.493,304760,4
Crack Rock,Frank Ocean,5lcyIeEfwZTs8Ajw3kdF7P,oh no,0.429,0.736,5,-8.017,1,0.222,0.0696,0.0,0.0852,0.379,89.262,224147,4
Bad Religion,Frank Ocean,2pMPWE7PJH1PizfgGRMnR9,oh no,0.359,0.367,9,-7.684,1,0.0335,0.738,1.43e-06,0.0736,0.104,83.331,175453,4
Parking Lots,Plums,3MGkU9iwnb6ziAcPul5dSv,oh no,0.487,0.763,1,-5.331,0,0.03,0.0203,0.37,0.343,0.716,155.667,206354,4
Always Forever,Cults,2enPRFda84VE2wtI8c86Uf,oh no,0.174,0.742,8,-5.93,1,0.0485,0.00181,0.281,0.198,0.36,163.378,223747,4
Samba Pa Ti,Santana,35fC3Wq3slX4OBfyvBVmHm,oh no,0.407,0.358,9,-12.908,0,0.0343,0.829,0.424,0.0827,0.267,92.292,284800,4
II. Shadows,Childish Gambino,2uMMGgkTOBisJpzyvMzNWm,oh no,0.616,0.76,1,-8.732,1,0.244,0.0948,0.0186,0.345,0.377,116.316,231733,4
Mushroom Clouds,Like,6oZ7mlsLFks8E9GLh9Pkwt,oh no,0.63,0.831,11,-7.685,1,0.372,0.478,0.0,0.916,0.554,126.191,151000,1
Four of a Kind,Magic City Hippies,4s8306r4MLHOZpBEF17Tnk,oh no,0.66,0.678,9,-7.541,1,0.043,0.236,0.000136,0.218,0.787,76.997,215000,4
Heart Wants,Magic City Hippies,13I8nqMjLQfdRcXMZ7mU0D,oh no,0.691,0.754,11,-8.136,1,0.0372,0.0271,0.0719,0.881,0.924,144.085,222000,4
Bull Ride,Magic City Hippies,7gEsvmNXEFu0I1gR3x8YGl,oh no,0.656,0.549,5,-9.473,0,0.0429,0.307,2.82e-05,0.473,0.881,149.007,171543,4
Fineshrine,Purity Ring,5KeyVNymqfqac1wLDseK8v,oh no,0.609,0.798,5,-4.448,0,0.0404,0.018,8.68e-06,0.434,0.401,130.034,209760,4
Magic City Hippies,Robby Hunter Band,6uZGWwyNio5zfNhUP72KOm,oh no,0.483,0.722,3,-8.494,0,0.0351,0.0354,0.253,0.614,0.665,80.007,178500,4
Open Your Eyes,STRFKR,0xxm1WskKZSCvbkGjkSMr2,oh no,0.67,0.756,0,-4.299,0,0.0322,0.00549,0.599,0.152,0.402,129.988,232947,4
Do You Realize??,The Flaming Lips,2DFRFqWNahKtFD112H2iEZ,oh no,0.464,0.797,0,-5.244,1,0.0333,0.006,0.000304,0.392,0.547,129.964,213173,4
Yoshimi Battles the Pink RobotsPt. 1,The Flaming Lips,0ccCwNzXvr1Yoz91vKz31Z,oh no,0.555,0.902,0,-7.918,1,0.0958,0.337,0.0,0.152,0.62,156.108,287507,4
Hey Joe,Jimi Hendrix,3VMMmMR4IYL28n7oKHyUoD,oh no,0.349,0.757,9,-5.659,1,0.0359,0.00351,0.329,0.0332,0.569,166.717,209813,4
Gyöngyhajú lány,Omega,7HEoY8JLuFFckI44suYFna,oh no,0.266,0.348,10,-11.609,0,0.0371,0.0202,0.664,0.16,0.403,144.154,349667,4
High You Are,What So Not,6zpCJDhdpHPZCcFCJZDqX5,oh no,0.69,0.857,10,-5.613,1,0.0405,0.0557,0.11,0.0341,0.409,136.99,213340,4
Cherry,Chromatics,4ahvXivkbvsbv1fgxd2qLq,oh no,0.637,0.611,7,-12.842,0,0.0325,0.0374,0.222,0.122,0.815,108.242,272947,4
Ghostwriter,RJD2,5Nn2Dj7OQsGL6pgQ9iIzPp,oh no,0.747,0.68,1,-6.187,1,0.0346,0.0107,0.803,0.0964,0.594,93.804,317933,4
Moon,Slow Magic,06VmZMiZ0IEC6McvzL3xQW,oh no,0.335,0.57,1,-7.105,1,0.17,0.0594,0.919,0.0941,0.081,173.776,198767,4
Dear Body,Cherub,6z9L8mjCy73uRyl7xOi71B,oh no,0.707,0.685,7,-5.248,1,0.0929,0.0074,0.0306,0.0782,0.584,115.516,318467,4
Sleepyhead,Passion Pit,3ZUMC5OazTA8QtLpdlPdz9,oh no,0.575,0.971,8,-3.261,1,0.11,0.425,3.4e-06,0.105,0.764,106.052,175080,4
Rawnald Gregory Erickson the Second,STRFKR,4j4pPKE3xAblPIbhxScC1j,oh no,0.9,0.538,7,-7.879,1,0.0343,0.229,0.843,0.287,0.713,95.508,173693,4
Wildcat,Ratatat,4EBisBBehGON4ESJsNZBsP,oh no,0.703,0.718,1,-7.522,1,0.0669,0.0479,0.432,0.0415,0.785,115.993,260173,4
Loud Pipes,Ratatat,5ZrrXIYTvjXPKVQMjqaumR,oh no,0.718,0.703,7,-7.162,0,0.0382,0.109,0.822,0.208,0.858,87.975,226533,4
Bruleé,Ratatat,0u8TLzOnwjLHMHwpQTtXpY,oh no,0.723,0.843,2,-6.454,1,0.0921,0.0864,0.749,0.374,0.595,141.978,222747,4
Wordless Chorus,My Morning Jacket,2CRjfe8gLYosdjwT5m84KA,oh no,0.824,0.377,2,-9.222,1,0.0436,0.107,0.604,0.11,0.779,116.342,252760,4
$150 / roll widdit,Healy,2L9mXwt6vJ3FxVxf7jsGkd,oh no,0.665,0.409,0,-10.037,1,0.787,0.325,1.29e-05,0.0747,0.296,151.355,181368,4
Amber,311,6Fe3Flc9SjE03pqwD6PVQl,oh no,0.663,0.697,0,-9.442,1,0.0473,0.156,0.0224,0.0663,0.744,166.001,206973,4
Diplomat’s Son,Vampire Weekend,0ybF6SJTJw1RCpsF0QagFw,oh no,0.503,0.815,6,-6.967,1,0.338,0.209,0.0513,0.0838,0.842,193.93,361373,4
Bitter Sweet Symphony,The Verve,57iDDD9N9tTWe75x6qhStw,oh no,0.356,0.917,9,-6.006,1,0.0479,0.0335,0.0,0.406,0.518,171.176,357267,4
Limestone,Magic City Hippies,00HIh9mVUQQAycsQiciWsh,oh no,0.706,0.457,4,-9.359,1,0.0383,0.282,0.00849,0.0614,0.723,78.014,209165,4
Closer to the Sun,Slightly Stoopid,1UL8GkVAs6UcWF6BZ3DYZt,oh no,0.572,0.728,7,-5.534,1,0.0275,0.203,0.00263,0.231,0.535,75.179,145560,4
Circles,Post Malone,4VginDwYTP2eaHJzO0QMjG,oh no,0.704,0.758,0,-3.537,1,0.0402,0.233,0.00144,0.0924,0.534,120.003,214907,4
Queen Bee,Taj Mahal,6kqXaZrIDOmA177KL9LHHf,oh no,0.635,0.454,0,-9.457,0,0.0393,0.417,4.02e-05,0.0816,0.531,79.097,280080,4
Rare Hearts,The Growlers,6L8Ic6HJHrAqwObG3wuaLT,oh no,0.601,0.652,7,-6.723,1,0.027,0.026,0.0589,0.274,0.61,120.498,284587,4
Lilly,Toro y Moi,6MDLO5bi8mGexqSwF9KmpH,oh no,0.47,0.652,3,-6.501,1,0.0335,0.0446,0.0635,0.311,0.524,139.975,267789,4
Live Well,Palace,7wHdnux5j9Abe6EVKoPZOW,oh no,0.5,0.647,2,-5.327,1,0.0264,0.305,0.0,0.0683,0.405,96.046,249840,3
Home,Medasin,42NB7w0tDCag0mQpCtZe7Y,oh no,0.66,0.45,4,-11.011,1,0.0451,0.839,0.714,0.374,0.242,145.011,194547,4
Kahlil Gibran,STRFKR,0PldjOTKRt45S9MrLnlwVM,oh no,0.676,0.641,9,-7.923,1,0.0296,0.267,0.262,0.119,0.352,84.97,241413,4
Find Your Cloud,Papadosio,7hCOpkkakarDAzOpdTtoZj,oh no,0.467,0.662,6,-8.569,1,0.0283,0.0569,0.865,0.101,0.304,170.04,516747,4
Where'd All the Time Go?,Dr. Dog,0UV5zxRMz6AO4ZwUOZNIKI,oh no,0.454,0.82,2,-4.193,1,0.0567,0.132,0.000969,0.115,0.575,166.303,234800,4
Julia,Mt. Joy,0LO7f7ZJg871B8hLTRzrfB,oh no,0.566,0.412,5,-6.994,1,0.0267,0.681,0.017,0.0741,0.47,81.879,190453,4
Freedom Is Free,Chicano Batman,0OlYoowCJeDHbNRKsqt9Ox,oh no,0.604,0.692,2,-3.112,1,0.0522,0.445,0.00019,0.058,0.923,119.576,244000,4
'Cause I'm A Man,Tame Impala,2oVyKK5NH2oawyrDZJn581,oh no,0.537,0.695,9,-5.013,1,0.0371,0.103,0.00315,0.134,0.626,144.674,241985,4
Somewhere to Fall,Cbdb,5j9CFNjhUSmnVBFeW7s2Zd,oh no,0.633,0.914,1,-6.41,1,0.0337,0.294,0.00321,0.112,0.775,122.362,235596,4
Velvet Skies,Sticky Fingers,6SbWkpn12CJNQgZEQekEcH,oh no,0.582,0.68,1,-6.504,0,0.0361,0.0566,0.000412,0.116,0.306,127.947,289291,4
Any Colour You Like,Pink Floyd,6FBPOJLxUZEair6x4kLDhf,oh no,0.277,0.672,0,-12.582,1,0.0901,0.197,0.935,0.423,0.505,150.588,206429,4
Fantasy,Alina Baraz,20YOJ81BuTLbLcBCYnFmQ1,oh no,0.68,0.747,4,-6.056,0,0.091,0.353,0.0,0.138,0.331,113.933,218947,4
The Heart of Life,John Mayer,75lJ95My0Zv5p8gs8BQoyO,oh no,0.496,0.238,1,-11.026,1,0.0301,0.958,0.0109,0.0875,0.349,175.96,198200,4
On Melancholy Hill,Gorillaz,0q6LuUqGLUiCPP1cbdwFs3,oh no,0.689,0.739,2,-5.81,1,0.026,1.51e-05,0.509,0.064,0.578,120.423,233867,4
Somewhere,Jimi Hendrix,64ICrhXuANvFTmJutuZJ1k,attention,0.371,0.695,2,-7.428,1,0.0851,0.0131,0.00275,0.301,0.577,146.69,245760,4
Ten Years Gone - 1990 Remaster,Led Zeppelin,1NV6sCADgcLSW7DG7zSWlq,attention,0.544,0.4,2,-12.504,1,0.0439,0.526,0.0378,0.0716,0.264,76.982,391400,4
"Being No One, Going Nowhere",STRFKR,0RT5QxvDakfy5cFg55thUw,attention,0.655,0.506,7,-5.699,1,0.0253,0.101,0.928,0.107,0.207,93.971,279893,4
Babe I'm Gonna Leave You - 1990 Remaster,Led Zeppelin,4OMu5a8sFpcRCPCcsoEaov,attention,0.404,0.435,4,-12.045,0,0.0323,0.246,0.00074,0.156,0.156,136.058,401067,4
Long Hot Summer Night - Take 14,Jimi Hendrix,08TPKemPByN2wpRvB2GzNB,attention,0.34,0.888,0,-11.632,1,0.0545,0.00756,0.731,0.407,0.592,168.031,255853,4
Hey Joe,Jimi Hendrix,0NWPxcsf5vdjdiFUI8NgkP,attention,0.346,0.768,9,-5.695,1,0.0377,0.00603,0.38,0.0244,0.532,169.492,210160,4
"Soul Sacrifice - Live at The Woodstock Music & Art Fair, August 16, 1969",Santana,7zAoVpCLJFsyRfCbGUIAFf,attention,0.438,0.78,2,-11.26,1,0.0579,0.0969,0.794,0.723,0.84,138.933,709333,4
Castles Made of Sand,Jimi Hendrix,3qebSLgUwaEqbwCM5sj5Kh,attention,0.461,0.714,11,-9.159,0,0.313,0.504,0.0171,0.684,0.454,94.372,168920,4
"Brown-Eyed Women - Live at Playing In The Sand, Riviera Maya, MX 2/15/18",Dead & Company,0hxd6Q8SFbuGbJTJ46qNzQ,attention,0.595,0.389,4,-19.29,1,0.0328,0.515,0.414,0.738,0.691,108.556,594100,4
"Althea - Live at Playing In The Sand, Riviera Maya, MX 2/15/18",Dead & Company,6sONCZGCo6BOsG0NKgpcIJ,attention,0.528,0.349,9,-18.761,1,0.0302,0.474,0.497,0.628,0.642,76.097,713777,4
"Neon - Live at the Nokia Theatre, Los Angeles, CA - December 2007",John Mayer,7AtsEX4pJqmAaIajlMwaPU,attention,0.435,0.548,0,-12.517,0,0.0788,0.48,0.000103,0.949,0.498,83.64,355733,3
"Bold as Love - Live at the Nokia Theatre, Los Angeles, CA - December 2007",John Mayer,72UCrt0G2z6QQkvzEw9dGQ,attention,0.386,0.596,1,-9.02,1,0.0802,0.0509,0.000646,0.966,0.327,104.291,517973,4
The Rain Song - 2012 Remaster,Led Zeppelin,3JLrri1xSCui3bzITDJbkk,attention,0.336,0.318,0,-11.412,1,0.0263,0.317,0.0716,0.111,0.24,79.66,459094,4
May This Be Love,Jimi Hendrix,1Y6Dv0tWYUP3Za2Es9FUL2,attention,0.539,0.609,8,-9.397,1,0.0622,0.218,0.111,0.115,0.488,95.347,190227,4
Yellow Ledbetter,Pearl Jam,3bE5slaVEfaDreqARl6k4M,attention,0.504,0.354,4,-11.3,1,0.0339,0.29,4.71e-06,0.157,0.292,140.87,303587,4
Wet Sand,Red Hot Chili Peppers,3L2Nyi3T7XabH8EEZFLDdX,attention,0.313,0.753,4,-3.921,0,0.0285,0.0313,2.25e-06,0.142,0.514,176.748,309800,4
Eyes of the World,Grateful Dead,0qJ6owHt00MMZTpNmNsPHC,attention,0.671,0.737,9,-5.947,1,0.0374,0.422,8.91e-05,0.16,0.614,106.921,316800,4
Drain You,Nirvana,5Ddlk6C2JVxb1SReZ6O1wk,attention,0.325,0.929,11,-5.625,0,0.0695,0.000129,2.22e-06,0.184,0.198,133.358,223880,4
Monsoon,Hippo Campus,66AUmEXHX4gvNch2wUa2JD,attention,0.29,0.308,5,-11.074,1,0.0442,0.938,0.0294,0.106,0.205,84.88,222820,1
Intro,alt-J,3Hbd6gPZ0QErPWXVkC6GRt,attention,0.583,0.8,11,-8.505,0,0.0349,0.444,0.843,0.201,0.253,144.024,157813,4
Breed,Nirvana,5mJGLBNJM0GULqAoL5mb9C,attention,0.262,0.969,4,-4.675,1,0.0894,3.69e-06,0.00213,0.133,0.263,158.433,184040,4
Free Bird - Live - Undubbed (Fox Theater 2001 Deluxe Edition),Lynyrd Skynyrd,7BNnwuJj2w023oJKjM82P9,attention,0.2,0.826,5,-8.75,1,0.0641,0.0189,0.822,0.985,0.279,156.345,865867,4
Jesus of Suburbia,Green Day,58KPPL1AdLHMvR2O2PZejr,attention,0.3,0.929,1,-3.214,1,0.0636,0.000259,2.26e-06,0.329,0.59,147.116,548253,4
Hurricane,Bob Dylan,1lqMLr9Wj7SM2F9AikGcxN,attention,0.509,0.827,0,-7.715,1,0.079,0.0409,0.0,0.12,0.743,135.601,512733,4
"I'm Gonna Find Another You - Live at the Nokia Theatre, Los Angeles, CA - December 2007",John Mayer,3oGRjCpV07tCM5mrYv6iQA,attention,0.392,0.456,9,-9.679,1,0.0424,0.725,0.0651,0.674,0.36,143.591,340627,3
Little Wing,Jimi Hendrix,1Eolhana7nKHYpcYpdVcT5,attention,0.515,0.534,6,-8.045,1,0.0768,0.181,0.00278,0.0547,0.426,70.776,145747,4
Althea - 2013 Remaster,Grateful Dead,7M7AwtGvWdMYudqx5Iuh1m,attention,0.783,0.284,9,-14.307,1,0.0365,0.679,0.282,0.0767,0.584,82.676,412596,4
Sweet Angel,Jimi Hendrix,3t3CO2eP3gLbiFFN5Z4gmB,attention,0.409,0.716,1,-9.863,0,0.141,0.0205,0.806,0.157,0.474,158.804,234867,4
Jungle,Jimi Hendrix,4f5nUYzeUioPwNbz2mGx5S,attention,0.497,0.499,9,-12.348,0,0.056,0.0558,0.73,0.222,0.516,174.608,208120,3
Lover Man,Jimi Hendrix,4pufpcO8KDHalIp3Uh8GEU,attention,0.435,0.847,8,-9.434,1,0.0509,0.308,0.384,0.0888,0.927,140.868,183427,4
Try A Little Tenderness,Otis Redding,50W9PJjr1Euo9FFoqw90eL,attention,0.569,0.126,9,-16.028,0,0.0537,0.177,3.54e-05,0.478,0.066,103.073,200626,4
Little Black Submarines - Radio Edit [radio edit],The Black Keys,6ZWn1MVUaBH2HNQobhMYeE,attention,0.299,0.706,2,-5.421,1,0.0687,0.141,3.58e-05,0.0703,0.247,94.263,204693,4
All Along the Watchtower,Jimi Hendrix,2aoo2jlRnM3A0NyLQqMN2f,attention,0.438,0.805,8,-6.237,1,0.0624,0.00255,5.69e-05,0.0842,0.564,113.253,240800,4
Ball And Biscuit,The White Stripes,7kYSpDviYdP8QKrnWLQYVN,attention,0.518,0.67,9,-7.135,1,0.192,0.0513,0.145,0.102,0.608,78.223,439067,4
"Steady, As She Goes",The Raconteurs,19iqWNzp5LwEdvntpEK8MP,attention,0.524,0.578,9,-4.563,1,0.12,0.0132,0.00921,0.108,0.537,123.669,215267,4
Elephant,Tame Impala,6qZjm61s6u8Ead9sWxCDro,attention,0.598,0.553,9,-6.742,0,0.0397,0.562,0.157,0.257,0.533,123.075,211227,4
"Sugaree - Live at TD Garden, Boston, MA 11/17/17",Dead & Company,1th4vQpv5MXunuMn8WUnSL,attention,0.412,0.46,1,-13.222,0,0.0336,0.118,0.411,0.719,0.604,102.135,838157,4
Jamflowman,Twiddle,2XyVlq12Nc38bJA22014Ts,attention,0.465,0.768,6,-7.939,0,0.0368,0.198,0.00271,0.101,0.654,112.916,478360,4
Bron-Y-Aur Stomp - Remaster,Led Zeppelin,1dK6cNOMYjEP3QGYOfwP6t,attention,0.525,0.501,1,-14.192,1,0.0318,0.16,0.025,0.146,0.333,108.291,257346,4
One Rainy Wish,Jimi Hendrix,5Zyv0v4rPcrXjkaeImuodv,attention,0.316,0.756,8,-6.315,1,0.1,0.294,0.429,0.351,0.332,165.963,221827,4
Weight of Love,The Black Keys,3xMQOd1C3TXsjQ3pmzOmkC,attention,0.282,0.547,2,-8.621,1,0.0322,0.03,0.888,0.104,0.133,151.468,410187,4
Pretty Little Ditty - Remastered,Red Hot Chili Peppers,0VNgwKioO0om8n9R3oBoIj,attention,0.396,0.657,7,-7.691,1,0.0311,0.026,0.907,0.133,0.245,100.177,187813,3
Shake Me Down,Cage The Elephant,12sYWro0wGQpq0rjE0lKcm,attention,0.457,0.613,9,-5.756,1,0.0295,0.00463,0.000441,0.0711,0.132,105.11,211373,4
Cigarette Daydreams,Cage The Elephant,2tznHmp70DxMyr2XhWLOW0,attention,0.635,0.675,2,-3.445,1,0.0263,0.0801,0.0,0.0831,0.273,113.946,208760,4
Dear Mr. Fantasy,Traffic,5CGpPUcUahMuLzkNK9ZgPP,attention,0.24,0.615,2,-14.117,1,0.0677,0.171,0.0125,0.0801,0.768,166.657,334000,4
Fly Away,Lenny Kravitz,0n0eMsX7WgEtc7dlscbuKU,attention,0.597,0.868,7,-5.096,1,0.0527,0.0214,0.0,0.664,0.709,160.022,221893,4
Rise To The Sun,Alabama Shakes,4jdBFqrhH2ed69JnR1H27e,attention,0.472,0.823,7,-5.534,1,0.0842,0.627,0.0104,0.0924,0.67,125.86,188613,4
While My Guitar Gently Weeps,Tom Petty,7DzktdAh3zTT5Li8vam9tt,attention,0.21,0.85,7,-3.694,1,0.0587,0.287,0.00607,0.912,0.382,121.383,380587,4
Sick Love,Red Hot Chili Peppers,6GsP3uMCd0Dn5T37C93waZ,attention,0.591,0.794,4,-5.935,0,0.069,0.183,0.0,0.292,0.875,147.974,221440,4
"Paint It, Black - (Original Single Mono Version)",The Rolling Stones,7lY8aoN3wUR3NY4nUwigPv,attention,0.496,0.859,5,-7.927,0,0.0934,0.0135,0.065,0.349,0.768,159.694,224133,4
Glorious Warrior,Electric Guest,3XBe0m5PQGQ3F7oXsWi5Lw,i.iv,0.593,0.567,1,-7.536,1,0.0419,0.0186,0.69,0.218,0.57,174.814,242760,4
I Would Do Anything for You,Foster The People,5fgb3Md1xjt3mxeBqguiIA,i.iv,0.597,0.848,0,-5.841,1,0.0308,0.0372,2.33e-05,0.122,0.437,128.009,214080,4
Goin' To The Party,Alabama Shakes,7vrmQvYEg1n1p1uD3QAfMV,i.iv,0.677,0.289,10,-11.204,1,0.0793,0.862,0.036,0.31,0.538,110.022,105653,3
Feeling Lonely,boy pablo,5uIRujGRZv5t4fGKkUTv4n,i.iv,0.635,0.537,6,-10.45,0,0.0536,0.014,3.72e-05,0.103,0.885,117.942,197947,4
2021,Vampire Weekend,7D3fFG8XtOI7v0pD2fUmsr,i.iv,0.815,0.284,0,-7.057,1,0.0427,0.867,0.00105,0.0987,0.449,73.785,98347,4
Harmony Hall,Vampire Weekend,5kXDF4OmM5COyeo6z97nEk,i.iv,0.653,0.76,11,-6.086,1,0.0479,0.475,0.000129,0.0917,0.6,98.008,308733,4
Burndt Jamb,Weezer,1ytYTPuKbW0NIXb2kgmSVq,i.iv,0.591,0.666,11,-8.062,0,0.0463,0.0012,0.000686,0.088,0.451,97.696,158592,4
TEQUILA MOCKINGBIRD,Smino,0rC1Zom3PFrEYwdl4QN785,i.iv,0.827,0.573,5,-5.424,0,0.112,0.0138,8.33e-05,0.275,0.504,130.059,180000,4
Bubble Toes,Jack Johnson,2vyWFovtrd43gdcirx4anV,i.iv,0.605,0.515,7,-11.353,1,0.129,0.67,0.03,0.374,0.689,94.123,239413,4
Every Morning - Remastered,Sugar Ray,6Neq7tjnknt4URNI8txFL4,i.iv,0.829,0.674,8,-4.493,1,0.0362,0.0838,0.00174,0.102,0.974,109.917,220200,4
Everest,Night Cap,48PiNhxzg4Egkd5AsXBsz7,i.iv,0.576,0.529,4,-11.921,1,0.0379,0.125,0.00114,0.109,0.0606,129.597,286186,4
Sure Don't Miss You,The Dip,5SUhvsoXryK7M4OhQXXKVV,i.iv,0.662,0.664,4,-6.401,0,0.031,0.372,0.0,0.177,0.729,102.924,174933,4
House Of My Soul (You Light The Rooms),Langhorne Slim,7Jd362EXGUF2c2Zk2abVdq,i.iv,0.548,0.624,10,-7.444,1,0.0383,0.645,0.0086,0.296,0.712,69.446,173280,4
back again,flor,1J5rHMEvQFpM07iLULi48A,i.iv,0.636,0.597,8,-6.884,0,0.0279,0.118,0.00283,0.124,0.639,84.979,201398,4
The Breeze,Dr. Dog,2NVaKeIAUZwN5tXnn12EMi,i.iv,0.611,0.538,9,-7.74,1,0.0343,0.76,2.68e-05,0.612,0.319,90.124,239093,4
Lose Yourself to Dance (feat. Pharrell Williams),Daft Punk,5CMjjywI0eZMixPeqNd75R,i.iv,0.832,0.659,10,-7.828,0,0.057,0.0839,0.00114,0.0753,0.674,100.163,353893,4
Don't You,Quinn XCII,1oRqphEMulv6I12JOIGIMH,i.iv,0.867,0.414,2,-9.262,1,0.168,0.618,0.0,0.121,0.355,120.026,232173,4
Harvest Moon - Recorded at Spotify Studios NYC,Lord Huron,6gdCb962lq0Xdg7ypVLuLt,i.iv,0.417,0.285,2,-11.041,1,0.0346,0.803,0.005,0.269,0.243,120.954,346373,1
Do You,Spoon,08a6PhXyXeN3lv1DCKW9qY,i.iv,0.674,0.936,4,-2.166,1,0.0271,0.0756,0.000748,0.192,0.948,128.083,212653,4
Nighttiming,Coconut Records,0kubWs4WUDYh1nBI4PJrBK,i.iv,0.684,0.904,4,-6.916,0,0.0669,0.0133,2.7e-06,0.0711,0.914,119.993,170501,4
Karen Don't Be Sad,Miley Cyrus,4ErXnzMQsKwgzrVo7rlkA3,i.iv,0.325,0.661,2,-6.214,1,0.0372,0.575,1.95e-05,0.128,0.221,74.538,292507,4
Mornings,Portugal. The Man,5ROyw8Y6491Nhp8uZaKW6Y,i.iv,0.319,0.533,2,-5.605,1,0.0288,0.471,2.42e-05,0.168,0.149,149.61,279080,3
Lotus Eater,Foster The People,6ReKt5x6FVUXTMdWNC6GAQ,i.iv,0.597,0.733,11,-4.727,0,0.11,0.00457,0.00191,0.501,0.866,87.479,182653,4
Dive,Coast Modern,3ezHsjftL6BdBL0uHOMOrd,i.iv,0.682,0.948,7,-4.476,0,0.0438,0.0188,0.0,0.1,0.779,106.976,210427,4
People Say,Portugal. The Man,4uf5rm43PiWhKjwytMwmAc,i.iv,0.516,0.755,0,-5.926,1,0.03,0.0245,1.18e-05,0.784,0.66,159.995,179360,4
Don't Move,Phantogram,0UPsdEgJx6ypkfFUxD3ZHh,i.iv,0.558,0.642,5,-5.206,0,0.0321,7.19e-05,0.00746,0.201,0.482,99.977,258187,4
Fortunate Fool,Jack Johnson,4GhVfmoRGg8N82nveeQgh0,i.iv,0.781,0.267,4,-10.363,1,0.0508,0.614,0.00362,0.123,0.299,129.318,231187,4
Parking Lot,Anderson .Paak,5zyySSTcBpXQ8gSbuONRH7,i.iv,0.639,0.907,9,-7.85,1,0.0409,0.0128,0.328,0.704,0.696,97.019,234333,4
To Kingdom Come,Passion Pit,048AQ5XBnvStuTn7X2pGSY,i.iv,0.538,0.804,11,-4.602,1,0.0291,0.00805,8.09e-06,0.148,0.718,91.99,247533,4
Drifter,Hippie Sabotage,1DehtVbbTjUQjxGaXd5PnH,i.iv,0.389,0.308,7,-14.46,0,0.0751,0.853,0.937,0.172,0.13,129.138,210308,4
Sunflower (feat. Steve Lacy),Vampire Weekend,2nBkgxlht8knPvUQN5Tmdk,i.iv,0.863,0.576,8,-5.691,1,0.0567,0.406,0.00824,0.141,0.932,100.03,137600,4
Ask Yourself,Foster The People,6vtLtrPHZAo5OUy1Sk9BTH,i.iv,0.47,0.89,2,-4.672,1,0.0456,0.000798,1.23e-05,0.196,0.628,154.982,263400,4
Helena Beat,Foster The People,4VbDJMkAX3dWNBdn3KH6Wx,i.iv,0.67,0.876,5,-4.905,0,0.0536,0.0127,0.00302,0.109,0.736,126.968,276173,4
Patience,Tame Impala,2drEUEg0TYQR6dDEHkpuPE,i.iv,0.546,0.859,1,-5.966,1,0.0306,0.00223,0.000947,0.0529,0.645,99.965,292267,4
Style,Foster The People,7akT9byQsktEwWGHyLeSPs,i.iv,0.59,0.906,5,-2.892,1,0.0618,0.00633,0.00151,0.386,0.541,111.997,223907,4
Break My Stride,Matthew Wilder,1mCsF9Tw4AkIZOjvZbZZdT,i.iv,0.917,0.588,10,-11.047,1,0.0607,0.195,0.0,0.0914,0.828,110.077,184480,4
Cool Cat - Remastered 2011,Queen,7nhWtCc3v6Vem80gYPlppQ,i.iv,0.818,0.4,9,-9.927,1,0.11,0.302,0.00241,0.18,0.838,73.76,209107,4
Going to California - 1990 Remaster,Led Zeppelin,55sjCMeQM26VxbNHhMtj2b,i.iv,0.495,0.237,2,-17.701,1,0.0333,0.892,0.00638,0.0865,0.541,77.376,211467,4
Conversation Pt. 1,Mac Miller,1oFEAWvPHP5TdSlmIs77sV,i.iv,0.787,0.472,6,-10.032,0,0.113,0.64,5.22e-05,0.11,0.264,144.998,210253,4
Old Town Road (feat. Billy Ray Cyrus) - Remix,Lil Nas X,6u7jPi22kF8CTQ3rb9DHE7,i.iv,0.878,0.619,6,-5.56,1,0.102,0.0533,0.0,0.113,0.639,136.041,157067,4
What a Fool Believes,The Doobie Brothers,2yBVeksU2EtrPJbTu4ZslK,i.iv,0.758,0.378,8,-15.308,0,0.0449,0.284,0.0,0.049,0.985,120.736,223867,4
Bold as Love,Jimi Hendrix,0uco0wQkB909zpPlHvu5Cc,i.iv,0.354,0.741,1,-6.389,1,0.0806,0.018,0.0134,0.0753,0.596,142.348,251013,4
Loving,Surfaces,2agURy6Jj70naGfDcrKkwY,i.iv,0.494,0.587,9,-6.478,1,0.171,0.547,0.0,0.28,0.214,161.897,253698,4
Touch Me,The Doors,4BVE5tIIpYabZcYCbephNW,i.iv,0.425,0.903,1,-4.801,1,0.0732,0.405,0.0128,0.117,0.769,108.748,190253,4
Coins,Local Natives,53I7CviVHhNYEKth717RLG,i.iv,0.566,0.576,5,-4.859,1,0.0365,0.0578,0.0,0.0523,0.607,138.045,237693,4
The Man Who Sold The World,Nirvana,15VRO9CQwMpbqUYA7e6Hwg,i.iv,0.483,0.753,1,-8.937,0,0.0832,0.425,0.000142,0.257,0.42,115.102,261093,4
About A Girl,Nirvana,48YkpE5enOln5c7jXSTuHL,i.iv,0.606,0.769,3,-9.215,0,0.0713,0.14,1.64e-05,0.841,0.593,121.042,218000,4
Where Did You Sleep Last Night,Nirvana,551qy5vUgrUfEUc4dCNfht,i.iv,0.573,0.59,3,-8.43,1,0.0557,0.667,0.000397,0.691,0.364,108.789,306067,3
No Going Back,Yuno,7rig9YRhho4jJ2LBMGekfj,i.iv,0.714,0.713,2,-5.52,0,0.027,0.0114,0.0183,0.0608,0.9,93.006,208200,4
The Underdog,Spoon,6MCYY4i1zrRIbVj9YlVUdF,i.iv,0.693,0.527,7,-10.856,1,0.0365,0.0667,0.00143,0.663,0.911,145.165,222107,4
All Apologies,Nirvana,2S4lAby9LtHrSS8l5kyHO9,i.iv,0.616,0.58,1,-10.965,1,0.0714,0.479,3.4e-05,0.118,0.376,108.969,263293,4
Last Kiss,Pearl Jam,0QnONzv3TvHAWk294h6DaQ,i.iv,0.622,0.692,7,-6.97,1,0.0276,0.363,0.000158,0.193,0.774,112.053,195467,4
Black Hole Sun,Soundgarden,2EoOZnxNgtmZaD8uUmz2nD,i.iv,0.35,0.828,6,-5.373,1,0.041,0.000217,0.000161,0.0774,0.147,105.435,318587,4
In Bloom - Nevermind Version,Nirvana,30HCB1FoE77IfGRyNv4eFq,i.iv,0.436,0.876,10,-4.902,0,0.0647,3.33e-05,0.000104,0.205,0.512,157.044,255080,4
Clocks,Rhythms Del Mundo,2ok6yTEdjGVklpOPfmXnr1,i.iv,0.744,0.575,5,-6.943,0,0.0407,0.699,0.0226,0.133,0.943,131.038,299867,4
Bambina,Vampire Weekend,528bxUV84T4T8HHBFSpcaV,i.iv,0.511,0.538,2,-6.185,1,0.124,0.266,0.000187,0.203,0.425,148.648,102680,4
Tuesday,Hippo Campus,6jLF2AyiMm2mqHrILs1jr2,i.iv,0.582,0.804,8,-3.766,1,0.0365,0.39,0.0,0.208,0.528,126.965,196344,4
Better Man - Remastered,Pearl Jam,2B98ljvzqpCVgt5reTHq28,i.iv,0.445,0.671,2,-7.937,1,0.0387,0.165,1.56e-05,0.0791,0.267,125.712,268587,4
How Long?,Vampire Weekend,5jd6XPyXSY4jQVG3SlXP1b,i.iv,0.864,0.39,11,-7.438,0,0.0392,0.502,4.81e-05,0.127,0.811,103.948,212253,4
Lost In The Light,Bahamas,25J4d78ESH2MgAJoIakB8O,i.iv,0.597,0.267,2,-8.796,1,0.0309,0.793,0.0014,0.111,0.246,75.535,236720,4
Universally Speaking,Red Hot Chili Peppers,39badcyKTjOtBvv4aywpfs,i.iv,0.558,0.924,2,-2.312,1,0.0367,0.0887,0.00326,0.263,0.344,117.111,256960,4
Life Round Here,James Blake,0fq2N4qK5B4mDuVx9FTpkc,i.iii,0.429,0.747,10,-6.237,0,0.239,0.669,0.076,0.122,0.272,144.609,188713,4
Electric Love,BØRNS,2GiJYvgVaD2HtM8GqD9EgQ,i.iii,0.611,0.797,6,-7.627,0,0.0533,0.00543,0.00137,0.26,0.518,120.041,218107,4
Mansion Door,Shakey Graves,0IREGCigdEmhoBup3ffrPb,i.iii,0.479,0.838,5,-5.681,1,0.0381,0.00919,0.000379,0.0793,0.276,150.052,270136,4
Topanga,Trippie Redd,3tcnWNjEXyXCbFR9zonrX2,i.iii,0.755,0.615,4,-8.245,1,0.0454,0.00587,1.75e-06,0.109,0.039,105.955,215364,4
Crown (feat. Portugal. The Man),Flatbush Zombies,0kDHiwkrZutBHfjypFUzc2,i.iii,0.715,0.574,11,-10.243,0,0.098,0.00248,6.68e-05,0.128,0.345,137.579,297369,4
Honestly,Hippo Campus,6MtIerVDZGoo78DJqT4HoJ,i.iii,0.656,0.828,1,-5.045,0,0.0504,0.000331,0.486,0.197,0.437,121.991,158027,4
South (Live from Chicago),Hippo Campus,4Cc6gGWbAzVY5LYRr4cKcu,i.iii,0.367,0.699,8,-8.485,1,0.0465,0.0989,2.29e-06,0.968,0.593,133.686,231233,4
Violet,Hippo Campus,6NbLlTH71bOgfTtFVY9HRm,i.iii,0.253,0.845,4,-3.382,1,0.0659,0.00826,4.99e-05,0.0532,0.442,167.352,245663,4
Doubt,Hippo Campus,1eMBtkX7Ae4WHoKyMRn4wQ,i.iii,0.64,0.675,9,-5.011,1,0.0936,0.0722,1.08e-06,0.206,0.698,80.921,193187,4
Sweet Talk,Saint Motel,6kcHg7XL6SKyPNd78daRBL,i.iii,0.67,0.843,1,-4.311,1,0.0454,0.0392,0.0,0.225,0.713,117.01,192040,4
Why Even Try,Hippo Campus,7hNT08Aa0p2Wpozs1tAAoN,i.iii,0.597,0.635,0,-5.889,1,0.0311,0.035,0.00553,0.127,0.196,113.032,218000,4
Golden,Hippo Campus,4vBIr27NcRFBNpyIxLHZuB,i.iii,0.661,0.942,11,-3.632,0,0.0949,0.382,0.00902,0.0938,0.552,104.012,208280,4
Dunno,Mac Miller,3YnwIp2b99p3e5dsFTXIIx,i.iii,0.622,0.229,1,-11.322,1,0.0445,0.768,0.00906,0.134,0.0998,81.87,237093,4
Juniper,New Madrid,4vFuZoX4oIW094X5rp0IFI,i.iii,0.374,0.698,4,-10.346,0,0.0332,0.00971,0.459,0.0579,0.571,158.032,206725,4
What's the Use?,Mac Miller,2dgrYdgguVZKeCsrVb9XEs,i.iii,0.759,0.492,1,-10.338,0,0.12,0.736,0.00989,0.107,0.561,104.974,288640,4
Ladders,Mac Miller,39NDBdU5Xkm5pCFGa5kZtI,i.iii,0.802,0.463,8,-8.379,1,0.162,0.236,0.00531,0.105,0.291,103.961,287040,4
Dear To Me,Electric Guest,4hh1lvWiUaLMOcVXhyK6TA,i.iii,0.73,0.573,1,-7.009,1,0.0375,0.0508,0.0472,0.062,0.6,117.692,241480,4
Tiny Umbrella,Coast Modern,2VrOrpMi5tyjs6sRYd5bPK,i.iii,0.606,0.878,11,-5.318,1,0.0828,0.0134,0.00407,0.339,0.436,89.051,207880,4
Catahoula Man,Generationals,7ryD2hX4gfkkS8g4LkVH2p,i.iii,0.69,0.627,2,-5.271,1,0.0254,0.0238,0.000472,0.311,0.698,98.021,246768,4
Small Worlds,Mac Miller,4gT3mNJA8lnlkYFqGZ8IA2,i.iii,0.516,0.546,5,-9.105,1,0.249,0.814,4.5e-06,0.0995,0.515,78.267,271733,4
Horizon,Pigeons Playing Ping Pong,6YJNcusdf5adRMqJUaRjLt,i.iii,0.647,0.761,1,-6.737,0,0.0324,0.00401,0.756,0.149,0.841,124.679,575120,4
2009,Mac Miller,6dFn6my1sHK2bcf23GlHwM,i.iii,0.533,0.496,6,-9.363,0,0.517,0.77,0.000164,0.0969,0.173,155.158,347987,4
So It Goes,Mac Miller,0EA2RhRHL4KWeNa7JfD1Yw,i.iii,0.576,0.556,0,-6.474,1,0.231,0.812,0.125,0.0943,0.294,148.173,312960,4
Girl Like You,Toro y Moi,6TFUZ8Bt1brEwomY90SKXi,i.iii,0.629,0.823,1,-5.744,1,0.0597,0.35,0.039,0.0801,0.397,169.961,223773,4
Threat of Joy,The Strokes,6YQeOwMMAkB9MV9yMWmrjh,i.iii,0.594,0.728,0,-6.917,1,0.0281,0.216,0.0881,0.124,0.687,137.97,264662,4
Trash,Deer Tick,7LXrZPVJLMLQS6OEqmjeJE,i.iii,0.356,0.658,7,-5.284,1,0.0449,0.138,6.67e-05,0.077,0.437,176.629,265281,3
American Shoes,Rainbow Kitten Surprise,5IRdIQNIZzVqE4XyBylkvd,i.iii,0.595,0.537,9,-7.666,1,0.0325,0.108,0.00511,0.11,0.217,129.764,249147,4
That's Too Bad - B-Side,My Morning Jacket,2Z087nx1jFpN2A1sZxLitd,i.iii,0.46,0.961,1,-6.102,1,0.0653,0.128,2.13e-05,0.141,0.56,131.541,167560,4
When I Get There,Big Wild,2sKTYRCgUHXmIhI2hoBuZE,i.iii,0.694,0.483,0,-7.157,1,0.0359,0.000196,0.557,0.134,0.132,96.029,220000,4
STARGAZING,Travis Scott,7wBJfHzpfI3032CSD7CE2m,i.iii,0.487,0.789,8,-3.69,1,0.044,0.00947,4.05e-06,0.189,0.0564,150.007,270715,4
Disaster,D.A. Wallach,1387vgNIuxDrOdsPXpC8Rx,i.iii,0.75,0.531,1,-6.754,1,0.0286,0.147,0.0,0.238,0.803,129.925,184257,4
Nephew (feat. Lil Pump),Smokepurpp,0ibOcbkp2XG46Do8jcy0bL,i.iii,0.792,0.454,9,-6.753,1,0.458,0.00422,0.0,0.285,0.674,161.993,202963,4
SICKO MODE,Travis Scott,2xLMifQCjDGFmkHkpNLD9h,i.iii,0.834,0.73,8,-3.714,1,0.222,0.00513,0.0,0.124,0.446,155.008,312820,4
Mind Mischief,Tame Impala,6ewQE1dNPv9qqlnB1CxrvM,i.iii,0.25,0.942,6,-3.235,1,0.0545,0.0815,0.00097,0.367,0.822,161.333,271880,4
Window,Indigo Svn,2v7Wyz66hxc5rX5w5NeMy1,i.iii,0.705,0.651,8,-7.392,0,0.183,0.13,4.54e-06,0.185,0.323,90.016,120111,4
Do Like This,Dj Consequence,6P7s8DVK5lkhHL9OznvhTo,i.iii,0.815,0.869,10,-2.826,0,0.05,0.54,0.0,0.248,0.918,108.098,202423,4
Gunslingers,Magic City Hippies,6MinVaeooTnPTY5wPrnK4v,i.iii,0.695,0.534,4,-7.954,0,0.0442,0.229,0.152,0.34,0.813,139.969,197201,4
Baby,Bakermat,1bA2ZK7CFxEMnyn1dWP2jp,i.iii,0.708,0.922,1,-2.715,0,0.116,0.135,0.0513,0.225,0.637,125.961,160053,4
Bang Bang,Timaya,7jsZSZ4FQPBDAgQUwwJmAU,i.iii,0.765,0.826,8,-3.953,1,0.193,0.142,0.0,0.0382,0.439,100.008,187587,4
"Soco (feat. Wizkid, Ceeza Milli, Spotless & Terri)",Starboy,1KpBtWSI9dlv0RjtzvF1BD,i.iii,0.841,0.644,9,-3.284,0,0.083,0.594,0.00402,0.142,0.881,108.003,255608,4
Fia,DaVido,0lO1giYQUo0tW7CPt8xLyx,i.iii,0.788,0.865,9,-0.304,1,0.0593,0.422,1.63e-06,0.597,0.859,107.034,214126,4
Omunye,Distruction Boyz,0cI6D4xalZBLOMRs4Huuag,i.iii,0.939,0.873,11,-5.264,0,0.0605,0.00644,0.17,0.0892,0.614,126.042,320000,4
Kwa Ngwaru,Harmonize,2OwIc0CN2ofBwyLx4JYkD8,i.iii,0.875,0.791,3,-3.94,1,0.286,0.208,0.0,0.0953,0.946,102.033,221448,4
One Day (feat. Ryan Tedder),Logic,6e2PtJYcltVk76nLwxBzRn,i.iii,0.529,0.871,10,-5.831,1,0.155,0.118,0.000164,0.115,0.272,189.837,199867,4
I Might Need Security,Chance the Rapper,3EApebexZ7YqDIqw2EMTDh,i.iii,0.514,0.693,9,-5.868,1,0.408,0.177,0.0,0.351,0.287,110.568,240640,3
Giants,Sure Sure,0CNJyQiyzYxbsuMGTQlria,i.iii,0.759,0.668,11,-5.235,1,0.0365,0.294,0.000824,0.0804,0.716,117.884,250000,4
Works Every Time,Mini Mansions,3uHV59gbFcYS5CpnFQOVLH,i.iii,0.727,0.499,0,-7.023,1,0.0289,0.0276,0.00117,0.0663,0.882,102.015,276867,4
For Fra,The Lumineers,0pwxBUYql49UEbPpSBjO3k,i.iii,0.696,0.66,4,-11.534,1,0.0342,0.874,0.952,0.0835,0.509,112.049,101238,4
Fall,DaVido,4ou5xyFUJX4VwX76tw1qb1,i.iii,0.928,0.675,5,-3.535,1,0.0566,0.379,0.0,0.0533,0.794,105.952,240000,4
Short N Sweet,Sauti Sol,08mwHsIhPrIB6Dlhlx05B2,i.iii,0.62,0.683,6,-6.305,0,0.252,0.0546,0.0,0.16,0.677,76.914,223402,1
Malibu Man,Dan Auerbach,5fp7TUlIjOMdhNMkJJIvgx,i.iii,0.615,0.782,9,-4.683,1,0.0346,0.127,0.00165,0.078,0.902,105.736,216107,4
Humbug Mountain Song,Fruit Bats,3HdcqQpq7zb5GbEKBDY34p,i.iii,0.593,0.926,6,-5.361,0,0.0319,0.0355,0.0582,0.311,0.945,100.011,184347,4
Liberated,DeJ Loaf,5OQByVDbs9788HBRIBqgNW,i.iii,0.739,0.605,10,-3.632,1,0.0449,0.569,0.0,0.0925,0.623,127.0,199800,4
Modern Love,Houndmouth,1fV95oLgCJabluJwwsoc4k,i.iii,0.289,0.364,7,-11.847,1,0.03,0.316,0.0179,0.325,0.156,140.067,257683,4
Reborn,KIDS SEE GHOSTS,4RVbK6cV0VqWdpCDcx3hiT,i.iii,0.585,0.597,0,-7.499,1,0.037,0.339,0.0404,0.195,0.227,100.051,324674,4
Franny,Magic City Hippies,3lCuh98pgDT4A6M6UNxsED,i.iii,0.596,0.796,9,-6.087,1,0.0469,0.034,2.18e-06,0.468,0.891,162.0,195312,4
Feed The Fire,Dawes,0dq6hRNyNRXCDIfzk6UFJF,i.iii,0.698,0.618,0,-6.909,1,0.0281,0.331,0.00518,0.166,0.834,120.919,357477,4
A$AP Forever,A$AP Rocky,1YmF9PvLhIISIANoMLIYGq,i.iii,0.469,0.78,10,-6.49,0,0.122,0.224,0.0,0.13,0.444,125.999,233061,4
Wash It All Away,San Cisco,4e5VTQOYAarg46eociDvZZ,i.iii,0.608,0.748,2,-5.277,1,0.0661,0.362,0.0,0.106,0.619,76.913,218774,4
Ottoman,Vampire Weekend,24oUAUX28faoMJBw3sMDm6,i.iii,0.844,0.625,11,-7.351,0,0.0272,0.128,0.00399,0.102,0.785,108.986,242267,4
Born Again,Saint Motel,7qdgz117gc5StS0u2ViinE,i.iii,0.629,0.785,2,-4.598,1,0.0274,0.253,0.0,0.0943,0.607,97.435,207427,4
Violent Crimes,Kanye West,2VYb3Fb5iK5Y8HGZ8oEEkp,i.iii,0.665,0.417,1,-6.731,0,0.524,0.374,0.0,0.186,0.04,110.111,215320,4
Static Space Lover,Foster The People,5JqXtvd8bAyyPTjaK6cSDH,i.iii,0.615,0.931,0,-4.648,0,0.0634,0.0039,0.00191,0.303,0.55,141.949,240080,4
Less Than Five Miles Away,Dawes,1UMvYZK3caMK1iZ0GHChLe,i.iii,0.69,0.734,7,-7.859,1,0.0551,0.134,0.0191,0.134,0.393,98.988,296533,4
Crack The Case,Dawes,4MKTyMpljQlY0KQWLR8194,i.iii,0.531,0.476,5,-11.328,1,0.0345,0.629,0.00257,0.0801,0.239,130.232,354842,4
Living In The Future,Dawes,2Dj8ZVSGsz0GDZO9uGEQ0h,i.iii,0.565,0.508,11,-5.671,0,0.0306,0.288,0.000817,0.18,0.474,127.496,290757,4
Nice For What,Drake,1cTZMwcBJT0Ka3UJPXOeeN,i.iii,0.567,0.913,8,-6.471,1,0.0736,0.0934,0.000124,0.114,0.792,93.35,210926,4
New Light,John Mayer,3bH4HzoZZFq8UpZmI2AMgV,i.iii,0.828,0.689,7,-7.878,1,0.0326,0.325,0.0384,0.0808,0.853,123.931,216015,4
So Free,Bahamas,1geSWiwEHkfhPWoEpXB9Gj,i.iii,0.859,0.233,9,-8.676,1,0.0972,0.644,0.00581,0.117,0.386,112.779,477280,4
No Expectations,Bahamas,06Oyft70TKjhkFmXxjrtS4,i.iii,0.821,0.431,2,-7.339,1,0.0372,0.579,0.00411,0.0724,0.723,93.132,210493,4
Show Me Naomi,Bahamas,0rCsegz1QF6Z20eP2wvkyM,i.iii,0.854,0.507,2,-5.749,1,0.0508,0.272,0.00197,0.0769,0.677,102.284,230787,4
Your Sweet Touch,Bahamas,2GqXW5YaidT50nlp0yqV5R,i.iii,0.465,0.855,7,-4.529,1,0.0691,0.076,0.137,0.361,0.542,92.132,232800,4
Okay Alright I’m Alive,Bahamas,1AHUGv3G5hy0dfc48N1U6K,i.iii,0.792,0.487,4,-6.76,1,0.0719,0.212,7.91e-06,0.0976,0.482,118.245,178227,4
Caught Me Thinkin,Bahamas,3ZOtXGwKW9BvyYoIyUJUCY,i.iii,0.766,0.702,9,-5.871,1,0.041,0.237,4.54e-06,0.316,0.884,118.327,180187,4
I Had It All,Bahamas,75LG4QIhcLiD5ajUOAREjR,i.iii,0.687,0.338,0,-10.662,1,0.0308,0.889,0.00924,0.112,0.522,127.404,221600,4
Stronger Than That,Bahamas,1uQkbSggaHQHNaUqlAIHy4,i.iii,0.747,0.545,0,-4.472,1,0.027,0.463,0.00173,0.0786,0.856,95.894,157040,4
All The Time,Bahamas,40WXqoyOLAAugGmJWZU1FY,i.iii,0.711,0.468,4,-4.797,0,0.0515,0.63,0.00427,0.087,0.533,127.458,234973,4
Waves,Bahamas,1AgXkEqUiFCtQAjRmGOLXi,i.iii,0.552,0.529,1,-7.415,1,0.0279,0.531,8.87e-05,0.134,0.293,94.683,262653,4
Beyond,Leon Bridges,1Omt5bfz1tZUCqd26HxbS0,i.iii,0.58,0.687,6,-5.4,1,0.106,0.229,0.0,0.109,0.187,76.014,240600,4
This Is America,Childish Gambino,0b9oOr2ZgvyQu88wzixux9,i.iii,0.854,0.463,5,-6.159,1,0.137,0.117,0.0,0.354,0.549,120.024,225773,4
Gotta Have It,JAY-Z,2Kbxfq8wkjMCno1QJe4yyw,adrenaline sounds,0.74,0.574,4,-6.938,1,0.245,0.411,0.0,0.262,0.33,149.762,140747,4
Losing It,FISHER,6ho0GyrWZN3mhi9zVRW7xi,adrenaline sounds,0.76,0.964,2,-5.844,1,0.0576,0.00182,0.7,0.0974,0.641,125.0,248036,4
Limelight (NGHTMRE Remix),Just A Gent,3mof6Z6vz6gonsuIEQXank,adrenaline sounds,0.574,0.576,1,-8.267,1,0.0446,0.0579,0.00147,0.208,0.287,145.094,254897,4
Trndsttr (feat. M. Maggie) - Lucian Remix,Black Coast,5LZQ5s0kRZS9nBSd1xLK7U,adrenaline sounds,0.794,0.476,2,-4.337,0,0.0558,0.354,0.00307,0.332,0.471,129.827,179658,4
Electric Love - Oliver Remix,BØRNS,00Ci0EXS4fNPnkTbS6wkOh,adrenaline sounds,0.53,0.77,9,-5.882,1,0.0824,0.000965,0.0115,0.265,0.107,184.537,253880,3
Love on Me,Galantis,3bvjsHQd792zIO4SKFxXKs,adrenaline sounds,0.485,0.91,9,-2.096,1,0.0977,0.113,0.0,0.138,0.649,124.18,205027,4
Spaceship (feat. Uffie),Galantis,2aOlxywgl4nCD4Xh2mLWM7,adrenaline sounds,0.518,0.842,10,-1.816,1,0.0828,0.322,0.0,0.101,0.375,125.854,167079,4
Tell Me You Love Me,Galantis,5kgqTe1BM720OjU78TGYDw,adrenaline sounds,0.762,0.797,5,-2.71,1,0.135,0.117,0.0,0.202,0.525,122.066,190400,4
Fill Me In,Loud Luxury,288SCboWGUTsrnLnzP0AJx,adrenaline sounds,0.745,0.704,8,-7.306,0,0.0418,0.0516,0.000683,0.153,0.393,124.02,219855,4
Worry No More,Diplo,0HSqhMUh1BoMKfLY7Hnhzi,adrenaline sounds,0.592,0.731,7,-5.794,0,0.0404,0.0185,0.0,0.726,0.392,166.028,202563,4
GUD VIBRATIONS,NGHTMRE,2BVUOGciUUUqOPSLtHwLGp,adrenaline sounds,0.514,0.924,8,-5.417,1,0.052,0.000208,0.805,0.0684,0.0675,151.994,224211,4
Bad Karma,Axel Thesleff,5ZVujHtwnsqFJvLnqRSdch,adrenaline sounds,0.7,0.546,5,-7.705,0,0.109,0.0131,0.0305,0.172,0.302,80.004,416000,4
"Harder, Better, Faster, Stronger",Daft Punk,5W3cjX2J3tjhG8zb6u0qHn,adrenaline sounds,0.817,0.716,6,-8.898,0,0.144,0.0427,0.00263,0.358,0.692,123.475,224693,4
Bounce,Flatbush Zombies,6Hr77eZSmaVGgH0vVulMUH,adrenaline sounds,0.628,0.618,5,-8.4,0,0.313,0.0113,0.0,0.109,0.362,110.007,241520,4
Hey Hey What Can I Do - 2012 Remaster,Led Zeppelin,16VhHtoaOjTU4AJBNSBNQ1,adrenaline sounds,0.468,0.858,1,-9.639,1,0.0543,0.166,0.000304,0.0807,0.526,77.987,236760,4
Ramble On - 1990 Remaster,Led Zeppelin,3MODES4TNtygekLl146Dxd,adrenaline sounds,0.468,0.607,9,-11.367,1,0.0336,0.072,0.000852,0.225,0.886,98.429,263333,4
Black Dog - 1990 Remaster,Led Zeppelin,0NSeXLBOh16zjbENkAu0P6,adrenaline sounds,0.432,0.848,4,-8.095,0,0.0878,0.274,0.0344,0.233,0.743,81.201,294000,4
D'yer Mak'er - 2007 Remaster,Led Zeppelin,5iNr7y6iWNkwVvVeOXSLT5,adrenaline sounds,0.526,0.918,9,-8.789,0,0.0771,0.25,4.54e-05,0.0778,0.578,164.453,262760,4
Free Bird,Lynyrd Skynyrd,3KAHHh2Tz6Z1qFZOqzNAvF,adrenaline sounds,0.232,0.82,0,-9.332,1,0.0441,0.000577,0.164,0.0678,0.511,150.434,545773,4
Smells Like Teen Spirit,Nirvana,5ghIJDpPoe3CfHMGu71E6T,adrenaline sounds,0.502,0.912,1,-4.556,1,0.0564,2.55e-05,0.000173,0.106,0.72,116.761,301920,4
Rape Me,Nirvana,5Rizj5FLb2AyNKu9esjYY6,adrenaline sounds,0.42,0.746,8,-10.628,1,0.0467,0.0141,0.0,0.0661,0.229,111.886,170000,4
Lithium,Nirvana,2DrEeo4eMULdAVe1U7P9PB,adrenaline sounds,0.687,0.685,7,-5.854,1,0.0367,0.00145,0.0,0.0657,0.359,123.147,257133,4
Another One Bites The Dust - 2011 Remaster,Queen,71tkj3MPQLKGr6eiHA6eBB,adrenaline sounds,0.928,0.531,5,-6.52,0,0.161,0.0969,0.314,0.16,0.765,109.963,215333,4
Killer Queen - 2011 Mix,Queen,7GqWnsKhMtEW0nzki5o0d8,adrenaline sounds,0.535,0.65,10,-6.328,1,0.0554,0.379,0.0,0.14,0.61,117.188,179600,4
Can't Stop,Red Hot Chili Peppers,5Ai5b7rU7tTI5OqVbEUPEq,adrenaline sounds,0.618,0.938,9,-3.442,1,0.0456,0.0179,0.0,0.167,0.875,91.455,269000,4
The Spirit Of Radio,Rush,4e9hUiLsN4mx61ARosFi7p,adrenaline sounds,0.365,0.924,4,-7.066,1,0.0488,0.0144,0.000254,0.423,0.632,135.811,296467,4
Someday,The Strokes,7hm4HTk9encxT0LYC0J6oI,adrenaline sounds,0.538,0.52,9,-7.46,1,0.0299,0.00425,0.0,0.367,0.678,106.031,183440,4
Last Nite,The Strokes,3SUusuA9jH1v6PVwtYMbdv,adrenaline sounds,0.624,0.899,0,-5.71,1,0.0295,0.0223,0.000155,0.0975,0.797,104.055,193373,4
My Name Is Jonas,Weezer,4YwLagaVWaegNK7RsUh1at,adrenaline sounds,0.3,0.927,11,-4.605,1,0.0422,0.000157,0.000802,0.304,0.634,186.239,203960,3
Purple Haze,Jimi Hendrix,4BYGxv4rxSNcTgT3DsFB9o,adrenaline sounds,0.529,0.898,2,-5.249,1,0.0786,0.00627,0.728,0.0668,0.434,108.599,171427,4
Come a Little Closer,Cage The Elephant,7fK8e68OFiIgUpcWKzu1nM,adrenaline sounds,0.454,0.788,1,-1.729,0,0.0309,0.0177,1.36e-06,0.181,0.33,147.952,229960,4
Five Hours,Deorro,6zlOUIqcU6juXFww9UNpJK,adrenaline sounds,0.88,0.821,5,-2.545,0,0.118,0.0197,0.661,0.234,0.575,127.907,326888,4
I Follow Rivers - The Magician Remix,Lykke Li,4Jv7lweGIUOFQ7Oq2AtAh9,adrenaline sounds,0.786,0.696,9,-5.796,0,0.0428,0.0234,0.0019,0.0839,0.306,121.974,280070,4
You Were Right,RÜFÜS DU SOL,4ADsYu1V5CpFLXNve7iK4Z,adrenaline sounds,0.708,0.793,5,-5.426,0,0.0341,0.0138,0.00227,0.118,0.735,122.014,239418,4
La Brisa,Big Wild,1bayldynRCc4z9ywAmV8uo,adrenaline sounds,0.611,0.631,9,-9.68,1,0.0409,0.0109,0.591,0.272,0.283,162.028,196056,4
One Day They'll Know (ODESZA Remix),Pretty Lights,4n6z0yh2ZpoGh0RNyGVu52,adrenaline sounds,0.465,0.714,11,-6.611,0,0.0317,0.00591,0.624,0.16,0.294,140.026,260571,4
Don't You Worry Child - Radio Edit,Swedish House Mafia,2V65y3PX4DkRhy1djlxd9p,adrenaline sounds,0.612,0.84,11,-3.145,0,0.0509,0.112,0.0,0.116,0.438,129.042,212862,4
This Girl (Kungs Vs. Cookin' On 3 Burners),Kungs,3YlrH4ydAKkxuej6F4Nnkl,adrenaline sounds,0.786,0.69,3,-4.665,1,0.04,0.0865,9.03e-05,0.238,0.485,122.006,195561,4
Easy Love,Sigala,6Sr8JkH7XRVk7Dnar9Xsr5,adrenaline sounds,0.681,0.948,9,-4.198,1,0.0607,0.188,0.00103,0.149,0.675,123.989,227709,4
Day 'N' Night - Club Mix,Kid Cudi,5BsRZqHI8oLMc1YKsHtauE,adrenaline sounds,0.745,0.68,11,-6.207,0,0.0508,0.013,0.0613,0.0637,0.961,129.991,281516,4
Watching Movies,Mac Miller,1l0zeniK8MayaQedrPUK9n,adrenaline sounds,0.51,0.767,10,-5.977,0,0.379,0.0942,0.0,0.397,0.295,135.052,220471,4
Matches (feat. Ab-Soul),Mac Miller,4XCmKekq1HRCsS7BPWsCRx,adrenaline sounds,0.707,0.738,8,-6.242,1,0.296,0.187,0.0,0.337,0.457,138.054,178411,4
Knock Knock,Mac Miller,3uYm4MtU6jUQft2DtGqEoZ,adrenaline sounds,0.667,0.922,4,-4.857,0,0.128,0.0353,0.0,0.364,0.509,108.952,202807,4
Believe,The Bravery,4Wvr1YaxNsCujq77dKujys,adrenaline sounds,0.385,0.948,8,-3.369,1,0.0457,0.00475,1.9e-06,0.113,0.517,166.138,226347,4
Lake Shore Drive,Aliotta Haynes Jeremiah,46MX86XQqYCZRvwPpeq4Gi,adrenaline sounds,0.434,0.885,4,-7.367,1,0.0396,0.204,0.0,0.0811,0.843,93.999,235173,4
Six Shooter,SNBRN,23r3roWhwTm85xVIHkxloH,adrenaline sounds,0.686,0.77,2,-8.538,1,0.0516,0.0167,0.899,0.084,0.511,124.022,206129,4
Nottamun Town,LISTENBEE,1hNZc5mqtzV8qiYMU5833u,adrenaline sounds,0.748,0.747,3,-6.238,1,0.0774,0.116,0.00171,0.356,0.556,120.038,189147,4
Maker,Big Wild,6w32mXhIaosDV03bo216QI,adrenaline sounds,0.638,0.75,4,-6.831,1,0.0295,0.117,0.501,0.0904,0.161,104.988,251429,4
Womp Womp,Valee,1G5ho820Xi2Qu3HsBZ26ft,adrenaline sounds,0.877,0.558,1,-4.896,1,0.342,0.066,0.0,0.0745,0.493,157.027,226533,4
Chameleon,PNAU,6400BZ7REh8DshcZKU7Pfp,adrenaline sounds,0.718,0.933,4,-3.211,1,0.0419,0.00181,0.00013,0.3,0.197,119.999,198427,4
Outro,Big Sean,3JaQQnAGa5pIqhqSiA7r2f,adrenaline sounds,0.669,0.893,9,-2.854,0,0.278,0.404,0.0,0.315,0.63,83.867,223493,4
We Are Mirage,Eric Prydz,6mTnH6xSYwKohtsO9RFzcc,adrenaline sounds,0.556,0.792,4,-6.723,0,0.0361,0.000521,0.75,0.494,0.0871,127.956,379500,4
Sappy,Nirvana,7tUtvGeKB2V5W5ms6uBlyC,adrenaline sounds,0.406,0.81,1,-6.127,1,0.0343,1.04e-05,1.34e-06,0.325,0.638,128.282,205493,4
When the Levee Breaks - 2012 Remaster,Led Zeppelin,05f8Hg3RSfiPSCBQOtxl3i,adrenaline sounds,0.271,0.766,5,-8.03,1,0.0329,0.00217,0.52,0.0707,0.803,142.914,428851,4
Crew (feat. Brent Faiyaz & Shy Glizzy),GoldLink,15EPc80XuFrb2LmOzGjuRg,i.ii,0.728,0.607,1,-8.417,0,0.132,0.133,0.0,0.0864,0.445,129.938,176702,4
All Night,Big Boi,2e0cr3SmqCR6Ow6zVCs6pj,i.ii,0.847,0.831,8,-4.56,0,0.0459,0.0624,0.0,0.106,0.865,135.994,241893,4
Bicycle Song - 2006 Remaster,Red Hot Chili Peppers,02lWbJ8NQ7IZGuNGfG34tE,i.ii,0.685,0.787,4,-4.402,0,0.0398,0.2,0.0,0.328,0.652,89.659,203533,4
Two Step,Dave Matthews Band,2Ou1Hyvr08mr0pZauPvv6j,i.ii,0.405,0.894,2,-7.51,0,0.0434,0.00907,0.00035,0.13,0.295,119.676,387267,4
O.P. Jebediah,The Dip,2osA04Ftqanbf9P3uJjTJb,i.ii,0.448,0.607,7,-6.565,1,0.0588,0.376,0.0223,0.658,0.703,171.066,242773,4
Fall in Love,GoldLink,2RISD4aJrioDB54exm5WWM,i.ii,0.627,0.837,1,-7.162,1,0.36,0.058,0.000567,0.328,0.504,105.105,184571,4
Fever Pitch,Rainbow Kitten Surprise,0CczqIwQrFvuiR0Q6g6IYP,i.ii,0.789,0.593,5,-7.877,0,0.0582,0.383,1.29e-06,0.191,0.293,109.952,163747,4
Polly,Whitney,7ADcBtMDWTDWAUyR3IFquc,i.ii,0.565,0.306,2,-6.797,1,0.0273,0.91,0.101,0.312,0.247,77.181,206027,4
Aeroplane,Red Hot Chili Peppers,0VLdJcQUsqHBBwqPp4CIKJ,i.ii,0.639,0.839,5,-4.703,1,0.0634,0.0446,3.74e-06,0.468,0.603,101.447,285067,4
My Friends,Red Hot Chili Peppers,6HksxcBzMVdT17aq1Q79Xe,i.ii,0.439,0.709,0,-3.545,1,0.026,0.00565,0.00152,0.131,0.319,81.331,248640,4
Roll Up Your Sleeves,Meg Mac,3yiFxwFOYBcw6LTjlvpUuR,i.ii,0.597,0.526,7,-6.825,1,0.0286,0.426,0.0393,0.116,0.396,79.015,185059,4
New Girl (Tom's Song),The Walters,2WP8OU14JZ7BGFZ63avbRy,i.ii,0.667,0.522,5,-7.334,1,0.0285,0.346,0.0234,0.0806,0.801,117.516,215067,4
Slow Cheetah,Red Hot Chili Peppers,06wTEKL2rSrSaOjFtgG8fj,i.ii,0.39,0.344,1,-7.804,1,0.0376,0.082,0.000141,0.0715,0.244,178.102,319933,4
Pineapple Skies,Miguel,19EnyPZhNPbRoCxAuv5pKD,i.ii,0.654,0.587,10,-6.331,1,0.0439,0.026,0.0,0.589,0.288,100.014,281360,4
Sky Walker (feat. Travis Scott),Miguel,5WoaF1B5XIEnWfmb5NZikf,i.ii,0.674,0.506,6,-10.532,1,0.0434,0.173,0.0,0.0866,0.183,145.965,259333,4
Banana Clip,Miguel,6xagjcywpcyNFghafZPQJv,i.ii,0.638,0.708,1,-5.342,0,0.0754,0.0973,0.0,0.177,0.606,84.978,201627,4
Taking What's Not Yours,TV Girl,2MDV2w1rdUPT4Qxm5L2Wzv,i.ii,0.712,0.914,1,-5.675,1,0.102,0.652,0.0,0.0579,0.697,100.41,205651,4
Across The Room (feat. Leon Bridges),ODESZA,4YaNLEPw3MrIgkGOkBrAh2,i.ii,0.566,0.587,6,-5.96,1,0.0308,0.0155,2.05e-05,0.111,0.246,82.046,283538,4
Road Trippin',Red Hot Chili Peppers,7Gpr3kKk4BMgItz6UbI73q,i.ii,0.378,0.474,4,-8.202,0,0.0271,0.28,0.00138,0.117,0.38,102.379,204960,4
Psycho (feat. Ty Dolla $ign),Post Malone,65NwOZqoXny4JxqAPlfxRF,i.ii,0.74,0.558,8,-8.115,1,0.102,0.566,0.0,0.112,0.421,140.057,220880,4
Up There,Post Malone,2rKmNEYrQxaOPZrOWKZpOc,i.ii,0.654,0.378,5,-8.108,0,0.0322,0.373,1.07e-05,0.0971,0.437,72.976,194827,4
Breaking the Girl,Red Hot Chili Peppers,6Va1qwqV4lEvbOyPqodbth,i.ii,0.348,0.686,8,-12.748,0,0.0319,0.0233,0.00256,0.145,0.635,178.466,295373,3
Hide,Rainbow Kitten Surprise,3TfsVu66ckxJyu6Ww93XD2,i.ii,0.799,0.497,4,-6.57,1,0.141,0.0745,1.28e-05,0.174,0.488,115.157,192013,4
See You Again (feat. Kali Uchis),"Tyler, The Creator",7KA4W4McWYRpgf0fWsJZWB,i.ii,0.558,0.559,6,-9.222,1,0.0959,0.371,7.49e-06,0.109,0.62,78.558,180387,4
Stir Fry,Migos,2UVbBKQOdFAekPTRsnkzcf,i.ii,0.817,0.816,2,-5.402,1,0.269,0.00263,0.0,0.159,0.508,181.982,190288,4
BoomTrap Protocol,Logic,4fZxGiES1FKbNqJPrI4L3s,i.ii,0.747,0.532,10,-5.474,0,0.0394,0.0549,2.78e-06,0.121,0.347,77.032,221360,4
Indica Badu,Logic,0jqBo5RYn008f4ZY8kPewW,i.ii,0.742,0.72,0,-2.876,1,0.116,0.0402,0.000846,0.0839,0.97,77.011,260320,4
Say A',A Boogie Wit da Hoodie,3AMnOVxEHUgVrythGgqPhI,i.ii,0.831,0.814,5,-5.18,1,0.474,0.391,0.0,0.109,0.846,161.041,214854,4
Holy War,Rainbow Kitten Surprise,2YQJCYnf4Ab1wS5bA89nHE,i.ii,0.564,0.294,7,-8.885,0,0.0349,0.636,0.0,0.0982,0.213,149.98,174387,4
Overnight,Logic,3s3VVLE1kB7Xk2AoJKlGmr,i.ii,0.861,0.745,1,-6.77,1,0.0608,0.00138,1.87e-05,0.141,0.889,150.002,217560,4
Do I Have to Talk You Into It,Spoon,0EH6BeGSEWtbETiOAYr3sN,i.ii,0.692,0.9,0,-4.273,1,0.0972,0.112,5.44e-05,0.173,0.931,79.038,260080,4
Oh Devil - Radio Version,Electric Guest,6KwSdmAba8BxoxVXPw70LO,i.ii,0.899,0.579,7,-5.424,0,0.0719,0.186,0.00668,0.217,0.709,96.989,217387,4
Congratulations,MGMT,6kblAEj0T0312fv5QWsXzo,i.ii,0.761,0.637,7,-8.169,1,0.0268,0.439,0.0082,0.102,0.656,125.115,235387,4
Jenny and the Summer Day,The Avett Brothers,1VKx8hpWMU1q1AJlIQRFwR,i.ii,0.395,0.658,7,-5.822,1,0.0334,0.524,0.0,0.31,0.559,128.643,255773,4
Salina,The Avett Brothers,0Mfwz6JTTMrwXo2XIj7WGU,i.ii,0.452,0.235,1,-10.178,1,0.0435,0.847,0.000438,0.135,0.0654,118.097,284040,4
Pretty Girl From Michigan,The Avett Brothers,1MJYnWM0q7frZA0fea8ucJ,i.ii,0.585,0.594,0,-5.371,1,0.0264,0.0891,0.0,0.259,0.676,111.27,166920,3
Pretty Girl From San Diego,The Avett Brothers,3oSl6x7tnAULioTTvRugsn,i.ii,0.504,0.891,3,-5.845,1,0.149,0.273,0.0,0.71,0.767,111.105,230520,4
Morphine,The Ninjas,1ReBFnRG82cgGs41ChSKbn,i.ii,0.519,0.646,6,-7.309,0,0.0359,0.117,4.3e-05,0.162,0.73,132.058,225750,4
Fade,Kanye West,3cCxoOgfi6hgt8MNteuiiD,i.ii,0.752,0.765,9,-5.805,0,0.0908,0.118,0.0,0.31,0.309,105.998,193748,4
Blame It on My Youth,Brothers From Another,4EVjKSaGNYFf6PY0w6Qkye,i.ii,0.704,0.595,7,-6.697,1,0.225,0.502,0.0,0.147,0.823,83.872,191429,4
Only To Live In Your Memories,Night Moves,3tLAhLLltRJ8jnKAyiYQ2A,i.ii,0.451,0.499,6,-6.016,1,0.0269,0.0706,0.194,0.116,0.187,108.99,265693,4
Matchbox,Rainbow Kitten Surprise,41xaZ4WLlKD95U5PknoJrV,i.ii,0.678,0.81,7,-5.665,1,0.279,0.0635,3.8e-06,0.0343,0.804,74.964,172467,4
Anita (feat. T-Pain) - Remix,Smino,1ixxS8P9E0cpSpKD1ngoUD,i.ii,0.662,0.468,1,-8.671,1,0.495,0.184,0.0,0.47,0.765,62.459,217232,4
When It Lands,Rainbow Kitten Surprise,16ro1is6DmDKkarlJMBbzV,i.ii,0.727,0.48,5,-9.278,0,0.0987,0.444,0.0,0.118,0.369,120.025,269053,4
Put a Light On,Generationals,4ZFHITy0bAeZ3oFfvR0HaI,i.ii,0.688,0.771,1,-4.463,1,0.0291,0.056,0.000106,0.0561,0.481,100.01,226933,4
Better Now,Post Malone,7dt6x5M1jzdTEt8oCbisTK,i.ii,0.68,0.578,10,-5.804,1,0.04,0.331,0.0,0.135,0.341,145.038,231267,4
1950,King Princess,0CZ8lquoTX2Dkg7Ak2inwA,i.ii,0.6,0.535,4,-7.043,1,0.107,0.648,4.7e-06,0.162,0.269,71.912,225133,4
Trojans,Atlas Genius,4AyoAGuhE8gydBPrczuhbl,i.ii,0.721,0.822,7,-4.843,1,0.0391,0.0113,7.01e-05,0.0898,0.536,140.002,217387,4
La Belle Fleur Sauvage,Lord Huron,5IleMdgH4wAm6MnWLLjEra,i.ii,0.529,0.656,5,-7.003,1,0.0302,0.824,0.0942,0.383,0.211,87.495,341136,4
I Saw You Close Your Eyes,Local Natives,5AKYyNPYhumqKeOMhdEgQO,i.i,0.385,0.604,9,-6.709,1,0.0321,0.0753,1.27e-05,0.718,0.251,77.468,216840,4
The Moment,Tame Impala,1UYj8qTWjneZJDVjUMwMub,i.i,0.547,0.827,7,-6.036,1,0.0468,0.000296,0.101,0.0858,0.451,119.089,255413,4
It All Feels Right,Washed Out,3FCmZ3ONp13Wn083Fl2K3H,i.i,0.316,0.748,2,-8.187,1,0.0413,0.000304,0.0139,0.608,0.256,79.337,245880,4
Disciples,Tame Impala,2gNfxysfBRfl9Lvi9T3v6R,i.i,0.661,0.869,5,-5.477,1,0.0334,0.078,0.924,0.398,0.8,126.971,108547,4
Tomorrow,Shakey Graves,47KDDZgFiX1w6RFOuLXsSn,i.i,0.564,0.354,7,-10.85,1,0.0334,0.73,3.43e-06,0.208,0.423,98.075,240587,3
Say I Didn't,Vic Mensa,6I0XPgr0SFHQcKy9v7Gf0K,i.i,0.511,0.76,5,-5.078,1,0.295,0.246,0.0,0.239,0.513,91.51,315173,4
Glitter,"Tyler, The Creator",0qtK3XwbuG153dmwB8iepL,i.i,0.449,0.434,1,-11.777,1,0.243,0.306,2.76e-06,0.633,0.371,78.57,224893,5
Where This Flower Blooms (feat. Frank Ocean),"Tyler, The Creator",6KuXb26rHuRy3ZDse1VRmx,i.i,0.686,0.429,8,-10.402,0,0.15,0.71,3.41e-06,0.166,0.27,130.09,194933,4
911 / Mr. Lonely (feat. Frank Ocean & Steve Lacy),"Tyler, The Creator",1pGAvZo2axYXAXYiSeYEqY,i.i,0.48,0.61,0,-7.042,1,0.305,0.0456,0.0,0.313,0.297,90.034,255653,4
Boredom,"Tyler, The Creator",4k2ix82xyGax7S8u6ODb6B,i.i,0.559,0.578,8,-9.54,1,0.151,0.79,0.000522,0.324,0.239,79.938,320720,4
Catch & Release - Deepend Remix,Matt Simons,4X99feVnw46VIk2VNqWWL3,i.i,0.833,0.55,1,-8.622,0,0.0451,0.488,0.00049,0.109,0.142,105.006,195573,4
Black Gold,Houndmouth,3qyVFxzBmV0TrdCfRmbfR3,i.i,0.423,0.563,3,-5.904,1,0.0416,0.0985,4.2e-06,0.173,0.456,151.11,220613,4
Pansy Waltz,Shakey Graves,7DZDL3s3RnDMgOU103NWVu,i.i,0.415,0.467,7,-7.138,1,0.154,0.55,0.0,0.105,0.227,172.996,213173,3
Border On Border,Night Moves,7yhVm87pJ2vxvK9gntVcxm,i.i,0.479,0.66,3,-5.125,0,0.0256,0.0162,0.0668,0.0839,0.239,81.115,214013,4
Catching Fireflies,The Revivalists,4daxThR2Ny2xj0hkar6XkX,i.i,0.461,0.883,11,-4.08,1,0.0718,0.0623,0.000117,0.644,0.556,146.146,312933,4
Where The Skies Are Blue,The Lumineers,1xiqXx5xN4xl9snWMajcZn,i.i,0.562,0.487,9,-6.582,1,0.0283,0.847,0.000316,0.0663,0.553,131.678,140120,4
Comin' Round Again,Houndmouth,2i7VNdupOXVbHD8R4669T7,i.i,0.348,0.562,6,-5.437,1,0.0305,0.0219,0.000321,0.0989,0.549,142.333,219800,4
Two Vines,Empire of the Sun,7f8KlkNtMRBSiXsv6gFp46,i.i,0.446,0.837,3,-3.714,1,0.0441,0.0407,0.000227,0.0903,0.286,100.033,229893,4
Sunroof,courtship.,2ivkl6Gefp1tMg3LcjuzQB,i.i,0.6,0.949,5,-3.341,1,0.0525,0.0039,0.165,0.121,0.67,130.011,192198,4
Suitcase,The New Electric Sound,5hAzmOywH0Z5QNz44IS8nh,i.i,0.463,0.755,5,-5.693,0,0.0333,0.106,0.000239,0.12,0.589,145.023,284080,4
Tape Machine,STRFKR,3K4gWURajKtVQZk4NuQFWj,i.i,0.644,0.913,7,-3.04,0,0.0316,0.00599,0.602,0.311,0.574,100.014,194107,4
Take It or Leave It,Cage The Elephant,43O3Iu8mDJy10i6k8SVRXX,i.i,0.71,0.847,0,-3.009,1,0.0892,0.0289,0.000332,0.0613,0.65,119.943,207320,4
On Your Way,Alabama Shakes,0y8ejXnj7tJtyAVGpHVcck,i.i,0.248,0.713,4,-5.193,1,0.045,0.111,0.000414,0.11,0.397,149.113,185147,4
Be Mine,Alabama Shakes,2S6HO1VTrtaCA6FxCD5KBl,i.i,0.442,0.791,4,-5.167,1,0.0596,0.176,9.53e-05,0.121,0.459,71.224,254760,4
Freedom Is Free,Chicano Batman,6UQg5vThA2emfqeZLa7dcT,i.i,0.606,0.703,2,-3.104,1,0.0511,0.424,0.000142,0.0581,0.898,119.634,244000,4
Cath...,Death Cab for Cutie,7pHz9U4AZVAQXjs6ik0duH,i.i,0.376,0.92,9,-7.438,1,0.0349,0.0288,0.0142,0.132,0.381,165.792,229667,4
Nancy From Now On - Spotify Sessions Curated by Jim Eno,Father John Misty,5ZaNgNDUtgiiVgf9iJZsbx,i.i,0.409,0.745,0,-7.695,1,0.0315,0.0661,0.076,0.166,0.135,105.695,250896,4
Magnolia,Playboi Carti,1e1JKLEDKP7hEQzJfNAgPl,i.i,0.791,0.581,11,-7.323,0,0.286,0.0113,0.0,0.35,0.438,162.99,181812,4
Biking (Solo),Frank Ocean,6gtNiLJNLBcV0P6Juenstp,i.i,0.64,0.548,7,-6.965,1,0.147,0.543,3.1e-06,0.303,0.181,148.077,212495,4
Rejects In The Attic,The Avett Brothers,5aNxtU1cNlLJPc6vTPKuee,i.i,0.455,0.561,11,-6.398,0,0.0382,0.274,5.89e-06,0.496,0.181,116.566,391333,4
Heartbreaker,Alabama Shakes,6ASpbBM8EcWgdp2v3RHjME,i.i,0.486,0.729,7,-4.299,1,0.0371,0.208,0.0,0.18,0.478,139.133,227440,3
Jealousy,Chicano Batman,6JlyyO2gDqN0Pr3Vu3CUll,i.i,0.585,0.652,9,-2.878,0,0.0314,0.0559,0.138,0.209,0.729,99.989,218493,4
Rise To The Sun,Alabama Shakes,012VemymXqt60QOGNOwKBp,i.i,0.472,0.823,7,-5.534,1,0.0842,0.627,0.0104,0.0924,0.67,125.86,188613,4
Roll The Bones - Audiotree Live Version,Shakey Graves,1Yxbxg5R6dQcYmOdjvlXP0,i.i,0.597,0.549,1,-10.253,1,0.0586,0.651,1.47e-05,0.0991,0.204,122.801,291596,4
And It Stoned Me - 2013 Remaster,Van Morrison,3n5iUh2Z6P7cnWins22W0F,i.i,0.593,0.468,7,-11.165,1,0.0285,0.35,3.52e-05,0.0919,0.597,75.798,272160,4
Pretty Girl at the Airport,The Avett Brothers,5a7HUiYLwIR3Gk8THldqO1,i.i,0.403,0.412,9,-10.706,1,0.0295,0.407,0.365,0.107,0.307,135.978,298733,4
Fried Noodles (Getter Remix),Pink Guy,3uewgGxACwca8iwi2ZVwVT,i.i,0.524,0.791,9,-4.903,1,0.387,0.135,0.188,0.258,0.231,139.946,351429,4
Simple Season,Hippo Campus,7GwXIkPT4jxQ2q6mhOmoHM,i.i,0.598,0.784,8,-4.376,1,0.0337,0.514,0.0,0.123,0.597,105.009,207134,4
Villainy,Local Natives,1feu4SnGnhdcaMOK6FwSQ9,i.i,0.524,0.788,6,-6.099,0,0.0432,0.0524,0.00784,0.315,0.434,115.983,224360,4
"New Person, Same Old Mistakes",Tame Impala,52ojopYMUzeNcudsoz7O9D,i.i,0.47,0.809,8,-6.74,1,0.0495,0.272,0.00671,0.0491,0.49,151.836,363240,4
St. Joseph's,The Avett Brothers,40vchayv9Vsd9SzRYs4yrE,i.i,0.466,0.11,11,-11.376,1,0.0339,0.856,0.00585,0.0995,0.22,157.104,202333,4
Crooked Teeth,Death Cab for Cutie,1crbFuCkGL4kXnAGd63RXq,i.i,0.579,0.662,9,-6.885,1,0.0245,0.000625,3.89e-06,0.117,0.574,102.951,203733,4
Dark Days,Local Natives,7LZN7FkxHZk6maiN6NdI2i,i.i,0.604,0.655,9,-7.088,1,0.0273,0.109,0.0019,0.125,0.59,115.038,180413,4
Too Much Time Together,San Cisco,0LcVvD1iPjqkfVdWd7ClfA,i.i,0.563,0.841,2,-5.35,1,0.0519,0.263,0.000258,0.0751,0.954,154.876,169996,4
Dear Old Dad,Ezra Bell,6F2czMu3r2orV7CR3uMfqE,i.i,0.554,0.517,5,-7.519,1,0.0363,0.638,1.98e-05,0.109,0.625,114.375,211333,4
All I Ever Wonder,St. Paul & The Broken Bones,6kUfA51KpIMGdKYrzWLkbn,i.i,0.563,0.603,7,-8.06,0,0.0299,0.0208,4.38e-05,0.169,0.365,94.582,209440,4
Family and Genus,Shakey Graves,5lJ1NMNz6ymwdaL9aejm8e,i.i,0.738,0.478,10,-12.328,1,0.0507,0.499,0.41,0.43,0.369,112.981,319840,4
We Are The People,Empire of the Sun,57RHMnLMQx8Qz5V6c0E8dF,i.i,0.666,0.785,4,-5.37,0,0.0308,0.0981,0.0198,0.434,0.549,122.973,267355,4
Come As You Are,Nirvana,4P5KoWXOxwuobLmHXLMobV,i.i,0.5,0.824,4,-5.846,0,0.0388,0.00016,0.00161,0.0916,0.539,120.125,218920,4
My Cousin Greg,Houndmouth,5VG4VvKGp6NoBC8nFTtt84,i.i,0.274,0.58,11,-6.253,1,0.0335,0.00133,1.05e-06,0.855,0.594,166.644,236732,4
Hallelujah,Logic,7fRfIvHPH6bHdMDjPFwTMh,i.i,0.667,0.596,11,-8.348,0,0.19,0.494,3.43e-06,0.342,0.462,136.033,448733,4
Confess,Logic,58kwvMXeOlsvzPqUlyj75Y,i.i,0.74,0.971,0,-2.81,1,0.0883,0.303,0.00148,0.156,0.525,122.951,343027,4
AfricAryaN,Logic,76ZrqdtkKxhMl42xAQTnFm,i.i,0.529,0.799,10,-7.025,1,0.166,0.154,0.0,0.0858,0.354,104.054,728413,4
Goodnight Chicago,Rainbow Kitten Surprise,5do7Ql6G8N03fY6G9Y08Ec,i.i,0.725,0.362,7,-12.424,1,0.0643,0.84,0.181,0.106,0.249,119.938,231907,4
SHC,Foster The People,2DSPkdQpcwKDac9CRspwbA,i.i,0.505,0.842,6,-5.193,0,0.047,0.00098,0.00382,0.267,0.312,121.955,253920,4
Never Going Back Again - 2004 Remaster,Fleetwood Mac,6rMCLdegdg4BACwBpjht3E,i.i,0.654,0.336,6,-12.825,1,0.0379,0.858,0.385,0.0786,0.947,176.083,134400,4
Wordless Chorus,My Morning Jacket,0hh3UBlKxRx071aZWAekRs,i.i,0.596,0.681,2,-5.981,1,0.0533,0.0369,0.0242,0.965,0.549,118.422,254333,4
Fisher Road To Hollywood,The Avett Brothers,2LQU29VADA1zHr0BNABLXc,i.i,0.47,0.125,0,-12.013,1,0.0426,0.876,3.12e-05,0.0933,0.201,139.056,263093,4
Die Die Die,The Avett Brothers,1FZKxt9SOFvxKbhjzlBONc,i.i,0.531,0.702,8,-5.309,1,0.0303,0.132,0.0,0.105,0.767,118.794,170867,4
Darlin',Houndmouth,2Dmw4LdpDKYFjKZ7hj1XAh,i.i,0.472,0.347,3,-8.011,1,0.0305,0.344,0.0379,0.101,0.363,116.904,258480,3
Casino (Bad Things),Houndmouth,4Lpl8O1fYkOy07b9wWfIjM,i.i,0.502,0.616,8,-4.944,1,0.0294,0.0748,0.0,0.0858,0.666,77.569,160013,4
Runaround Sue (Live from SXSW 2015),Houndmouth,1iVRF8Jw2OaQrRSZfNTs4C,i.i,0.243,0.804,2,-7.027,1,0.0811,0.00614,0.000682,0.973,0.402,171.775,291488,4
Put a Flower in Your Pocket,The Arcs,7BaDRi8gmRnOducT6KaOfc,i.i,0.492,0.378,6,-9.288,0,0.037,0.00146,1.29e-05,0.111,0.428,126.402,235320,4
Hard Wired,Shakey Graves,5452PHO9TEyQsMpgZFbUw4,i.i,0.569,0.436,0,-8.797,1,0.0392,0.804,3.31e-06,0.254,0.438,105.695,247240,4
"10,000 Emerald Pools",BØRNS,2pA4ip3VIEVcIa3qE02oAX,i.i,0.568,0.578,6,-5.589,1,0.0404,0.00694,0.000353,0.099,0.555,139.951,174693,4
Honey Slider (Live from SXSW 2015),Houndmouth,6DwN69XeHKKrlajh5Th403,i.i,0.345,0.635,8,-8.809,1,0.048,0.0472,0.00107,0.704,0.576,147.963,223277,4
Sweetie Little Jean - Recorded at Spotify Studios NYC,Cage The Elephant,5pgZEkzPMcoHj1QQuk1I85,i.i,0.668,0.197,6,-12.427,0,0.0376,0.884,0.0,0.361,0.379,138.06,225330,4
Dear Life,Beck,33AsbevnJ1aQjEHdkMExsE,i.i,0.508,0.724,1,-3.308,1,0.0283,0.00244,0.00386,0.237,0.582,165.969,224237,4
Card House,Deer Tick,6waTUziWnkvS0z1rXIP1dl,i.i,0.748,0.659,9,-6.134,1,0.026,0.583,8.29e-06,0.412,0.76,109.326,237480,4
Sea of Clouds,Deer Tick,0AU9n2KkurAn6n5fKB8vAp,i.i,0.44,0.611,5,-6.388,1,0.0262,0.0189,0.000112,0.108,0.679,167.947,325013,4
warm glow,Hippo Campus,0WSPIU3Y3bNXsGeKnzSnt1,i.i,0.445,0.446,9,-8.87,1,0.0286,0.324,0.119,0.106,0.0384,92.463,358870,4
traveler,Hippo Campus,0NoN2f4Qmp0J7QCbk22z6P,i.i,0.398,0.706,7,-4.301,1,0.0565,0.129,6.89e-06,0.293,0.516,122.049,241787,4
baseball,Hippo Campus,5lO1htX1UPjwyItDLurhR5,i.i,0.602,0.915,9,-3.62,1,0.0541,0.0034,0.0,0.0967,0.581,111.512,198107,4
Cornfield Chase,Hans Zimmer,15WRWc3qqlyAzTne9q5tQK,i.i,0.33,0.229,9,-16.442,0,0.0375,0.948,0.973,0.0998,0.0593,96.158,126960,4
Weekend,Louis The Child,1VCHNbal0VtE2plMRzvoho,i.i,0.684,0.774,7,-5.951,1,0.188,0.26,0.0,0.108,0.448,84.991,175059,4
It's Strange (feat. K.Flay),Louis The Child,2Th9BGKvfZG8bKQSACitwG,i.i,0.837,0.492,0,-7.792,1,0.354,0.371,0.0401,0.102,0.417,85.951,245581,4
World On Fire,Louis The Child,22wcNdDej7sJO0UnaerFN7,i.i,0.711,0.258,10,-8.956,0,0.0693,0.791,0.000879,0.101,0.423,75.007,174400,4
You Know It,Colony House,169pWCmfvVazzcL4EXFPgL,i.i,0.405,0.963,3,-2.901,1,0.0975,0.0352,0.0,0.146,0.574,158.121,182267,4
Cool Yourself,Thao,0BZmAQV9oA9j9TRYZ1jQj4,i.i,0.626,0.794,2,-6.137,1,0.0301,0.246,5.83e-05,0.0624,0.783,108.233,154773,4
Falling (Whethan Redo),Opia,4DWAQLUA3lF3Ozcqni5UY9,i.i,0.767,0.469,8,-6.006,0,0.102,0.0116,0.00965,0.0897,0.539,93.018,189677,4
São Paulo,Vincent Mango,0UveavG8EANhh5v68UHUNK,i.i,0.446,0.884,7,-5.469,1,0.069,0.00489,0.0001,0.196,0.585,155.011,169091,4
Right To It (with Ashe),Louis The Child,6aLpLTAUASREvQE105XOb3,i.i,0.687,0.611,1,-7.313,1,0.126,0.0857,0.0,0.301,0.789,79.034,175444,4
Someone Will,Dawes,0TRDfj90N54VO9yS0YHeSG,i.i,0.679,0.706,5,-9.112,1,0.0288,0.192,0.000377,0.172,0.734,114.162,213080,4
As If By Design,Dawes,2G0E1m61qSPiRQlriyxrKb,i.i,0.692,0.666,4,-6.503,1,0.0338,0.0214,0.00624,0.201,0.787,131.886,254720,4
Dance Yrself Clean,LCD Soundsystem,2cmRpmO04TLaKPzmAzySYZ,i.i,0.739,0.611,11,-9.829,1,0.0622,0.00557,0.725,0.04,0.794,98.004,536471,4
L$D,A$AP Rocky,4S7YHmlWwfwArgd8LfSPud,i.i,0.598,0.252,2,-15.086,1,0.0647,0.193,0.138,0.0992,0.0352,120.06,238307,4
Boys & Girls,Alabama Shakes,1gSBLulQmwHmFkw14KxGhl,i.i,0.46,0.201,4,-12.351,1,0.0713,0.914,0.288,0.167,0.158,102.176,205987,3
Shake,The Head and the Heart,5m1L3o7fOfLFyw6VwumROL,i.i,0.48,0.79,4,-7.775,1,0.0353,0.472,0.713,0.155,0.446,111.025,241707,4
Otis,Houndmouth,2Bc6YYxUPKoutpNdJgZGB4,i.i,0.459,0.478,5,-6.942,1,0.0275,0.0139,0.0,0.236,0.417,73.89,191467,4
We're All Gonna Die,Dawes,1SwrPOu6BfuyzNTn7iA3j1,i.i,0.617,0.289,0,-6.739,1,0.0362,0.415,0.0197,0.105,0.37,133.325,304733,4
Californication,Red Hot Chili Peppers,48UPSzbZjgc449aqz8bxox,i.i,0.592,0.767,9,-2.788,0,0.027,0.0021,0.00165,0.127,0.328,96.483,329733,4
Someday - Remastered,Sugar Ray,6NcHJ23mLQKnVxQcOmT7JW,late afternoon,0.743,0.67,1,-4.547,0,0.0293,0.0108,0.0702,0.22,0.934,110.832,243333,4
Wonderin' Why,Aer,0bK7f8kQHVJL5At3879z5o,late afternoon,0.667,0.79,11,-4.918,1,0.169,0.153,0.0,0.285,0.808,169.904,184604,4
Just Like Heaven,The Cure,76GlO5H5RT6g7y0gev86Nk,late afternoon,0.43,0.971,9,-3.845,1,0.0524,0.0271,2.16e-05,0.185,0.764,151.219,212000,4
Sophie So,Hippo Campus,1KTZw6NMt0rSIPYKYQNEWd,late afternoon,0.598,0.717,4,-7.023,1,0.0349,0.0126,6.65e-06,0.237,0.425,127.958,205045,4
Like the Way,Aer,4qHYLoxbKUHu6iZCqEYz7k,late afternoon,0.859,0.697,9,-6.108,1,0.119,0.122,0.0,0.0887,0.549,89.995,207417,4
Feel I Bring,Aer,2p7QqN1aMNg6aVMTR78a2x,late afternoon,0.83,0.735,5,-10.298,1,0.0595,0.135,2.88e-05,0.119,0.566,135.029,173877,4
Says She Loves Me,Aer,2p4Yx2CRINRoK2rNdIq2RE,late afternoon,0.814,0.713,7,-7.004,1,0.04,0.029,1.16e-06,0.352,0.879,126.003,219240,4
I’m Alive (Life Sounds Like),Michael Franti & Spearhead,3aAeqtqnSpRfkXjGZG0gm2,late afternoon,0.569,0.902,11,-4.007,1,0.053,0.00519,2.82e-06,0.124,0.944,137.985,231893,4
The Sound Of Sunshine,Michael Franti & Spearhead,3Uuop7Zz1IlyMSr7DPydxf,late afternoon,0.673,0.906,10,-4.904,1,0.057,0.016,0.015,0.264,0.685,97.003,225133,4
Dreams - 2004 Remaster,Fleetwood Mac,0ofHAoxe9vBkTCp2UQIavz,late afternoon,0.828,0.492,0,-9.744,1,0.0276,0.0644,0.00428,0.128,0.789,120.151,257800,4
Learning To Fly,Tom Petty and the Heartbreakers,17S4XrLvF5jlGvGCJHgF51,late afternoon,0.651,0.766,0,-9.935,1,0.0299,0.206,0.00103,0.362,0.949,116.74,242107,4
Fly,Sugar Ray,3uPfVXcjnpOjyzI3jb3js4,late afternoon,0.835,0.648,1,-8.15,1,0.0488,0.0202,0.225,0.308,0.674,99.701,244640,4
The Fall,The Avett Brothers,2ARJQ2yUfQ0Y8ZHbNyV8bD,late afternoon,0.537,0.689,7,-4.663,1,0.0296,0.0647,0.0,0.562,0.651,96.355,184520,4
I. The Worst Guys,Childish Gambino,7pRcWov3NHxi0GDkKdbSb0,late afternoon,0.613,0.684,5,-6.488,0,0.104,0.0534,0.0,0.0662,0.399,97.028,219747,4
Suicide Saturday (Live from Chicago),Hippo Campus,0RXV7aSGYKgUNtOH9VvHAT,late afternoon,0.392,0.725,5,-7.329,1,0.0641,0.0228,0.0,0.95,0.525,157.242,221942,4
Way It Goes,Hippo Campus,4UMyBsHLnDvtXygxDAKbpj,late afternoon,0.542,0.906,9,-4.213,1,0.0491,0.021,0.00043,0.377,0.515,120.014,245456,4
Vines,Hippo Campus,448V07W0zPY7ep7Dtc9Ukm,late afternoon,0.672,0.788,0,-5.5,1,0.0417,0.482,0.0,0.084,0.661,105.991,159057,4
Moving On and Getting Over,John Mayer,1crSsvtU9wZB15dIQXV2QH,late afternoon,0.85,0.461,6,-9.018,0,0.0539,0.591,0.0409,0.1,0.628,94.038,265360,4
Waiting On the World to Change,John Mayer,5imShWWzwqfAJ9gXFpGAQh,late afternoon,0.577,0.756,2,-5.82,1,0.115,0.159,0.000232,0.249,0.663,176.75,201173,4
Daughters,John Mayer,5FPnjikbwlDMULCCCa6ZCJ,late afternoon,0.674,0.413,2,-7.816,1,0.0274,0.837,1.91e-05,0.098,0.503,124.895,237907,3
Why Georgia,John Mayer,1c7UYTut2SBOPq64o2t0uN,late afternoon,0.608,0.639,7,-7.205,1,0.0246,0.0208,5.94e-05,0.0893,0.369,96.915,268973,4
No Such Thing,John Mayer,6Vecwo7AHst9V2CE3kmwr0,late afternoon,0.668,0.739,4,-4.919,1,0.0308,0.0383,0.0,0.13,0.571,131.918,231467,4
Will You Return,The Avett Brothers,23E9NnOohQ0I6cMXFI7dtg,late afternoon,0.58,0.867,3,-4.881,1,0.0353,0.638,3.11e-05,0.0602,0.965,147.031,166347,4
Dog Days Are Over,Florence + The Machine,1YLJVmuzeM2YSUkCCaTNUB,late afternoon,0.492,0.81,7,-5.315,1,0.0847,0.0416,0.00379,0.117,0.245,149.954,251840,4
Janglin,Edward Sharpe & The Magnetic Zeros,4s3svkdgATNQ0w1hXPLK5a,late afternoon,0.578,0.688,6,-6.551,0,0.0541,0.632,5.98e-05,0.305,0.36,123.911,229600,4
40 Day Dream,Edward Sharpe & The Magnetic Zeros,3WBWgjyg6ew1Bq2sehB4is,late afternoon,0.573,0.656,2,-5.954,1,0.0562,0.228,0.0,0.0651,0.668,81.952,233587,4
Island In The Sun,Weezer,1IRZwD3r9VOehOR8rGeV3Y,late afternoon,0.647,0.805,4,-6.269,0,0.0279,0.00789,0.00211,0.168,0.707,114.638,200667,4
Walcott,Vampire Weekend,1Bw45KRmdKpX2pkIADDP0B,late afternoon,0.482,0.559,5,-5.454,1,0.0296,0.541,0.00273,0.223,0.597,80.777,221600,4
Campus,Vampire Weekend,7ui9Qq4JcPGcd3xWOeXhHp,late afternoon,0.524,0.709,7,-5.874,1,0.0632,0.224,0.193,0.0849,0.584,108.68,176467,3
Breezeblocks,alt-J,3n69hLUdIsSa1WlRmjMZlW,late afternoon,0.616,0.656,5,-7.298,1,0.0344,0.096,0.000879,0.205,0.286,150.071,227080,4
(If You're Wondering If I Want You To) I Want You To,Weezer,09aDV0TC2RfWFU5IwZfIdG,late afternoon,0.695,0.873,11,-5.722,0,0.0392,0.00163,0.000198,0.154,0.799,110.021,208773,4
Mr. Redundant,Rainbow Kitten Surprise,2yPiN3T8Z0YE4uovhPyaB3,late afternoon,0.837,0.308,0,-8.21,1,0.0482,0.783,0.0,0.0901,0.171,119.956,210417,4
All That and More (Sailboat),Rainbow Kitten Surprise,6vyFAHVKIsp3pdyhlOKMAz,late afternoon,0.455,0.525,7,-9.225,1,0.149,0.802,0.0,0.226,0.383,83.237,171025,4
Dani California,Red Hot Chili Peppers,10Nmj3JCNoMeBQ87uw5j8k,late afternoon,0.556,0.913,0,-2.36,1,0.0437,0.0193,8.59e-06,0.346,0.73,96.184,282160,4
Under the Bridge,Red Hot Chili Peppers,3d9DChrdc6BOeFsbrZ3Is0,late afternoon,0.559,0.345,4,-13.496,1,0.0459,0.0576,0.000105,0.141,0.458,84.581,264307,4
Scar Tissue,Red Hot Chili Peppers,2QOMGq8wVTZbLmh7McrvgF,late afternoon,0.437,0.717,0,-4.803,1,0.039,0.0779,0.00274,0.108,0.547,178.085,215907,4
Chateau,Angus & Julia Stone,0JH1gKAAJHdV5dukJVyFPY,late afternoon,0.661,0.589,5,-11.217,1,0.0368,0.637,0.863,0.111,0.603,129.987,273533,4
The Look,Metronomy,3b4GWSS7QnzRKqH0mEYcFH,late afternoon,0.638,0.535,9,-7.792,0,0.0415,0.623,0.0391,0.0837,0.504,84.947,277653,4
Angel,Shaggy,7xHsIaGEmiZunovi6oFtQz,late afternoon,0.802,0.77,6,-2.998,1,0.0925,0.143,0.0,0.0424,0.778,85.286,235133,4
It Wasn't Me,Shaggy,1Bt6TZfF8FSqdiHPN0vy4u,late afternoon,0.852,0.616,0,-4.728,1,0.0747,0.045,0.0,0.321,0.685,94.758,227600,4
I Stand Corrected,Vampire Weekend,506GZgVmpcbJL88PH4V4EL,~,0.68,0.641,7,-9.443,1,0.0963,0.291,0.418,0.174,0.143,160.01,159760,4
Don't Lie,Vampire Weekend,2H6rj2XaBUJnag8iS2uKCt,~,0.486,0.72,0,-7.132,1,0.0304,0.45,0.0,0.135,0.804,180.112,213413,4
Hannah Hunt,Vampire Weekend,3t87C08isN6yw2DnWOorLm,~,0.345,0.313,4,-10.098,1,0.0681,0.717,0.000822,0.1,0.164,207.969,237973,4
Hillside Song - Bonus Track,My Morning Jacket,6IkPkzTZy68VYvVUZFzGwI,~,0.43,0.143,7,-11.644,1,0.0405,0.812,1.44e-05,0.111,0.303,157.03,166607,4
Steam Engine,My Morning Jacket,5k7jxT2KaGZHRADFrc5n26,~,0.338,0.566,2,-9.792,1,0.0278,0.168,0.000726,0.313,0.452,145.716,446227,4
Daisy Mae,Leon Bridges,16yqV3N7JTMVrHEmvsU8sy,~,0.478,0.403,4,-7.87,0,0.0302,0.64,0.00156,0.0943,0.389,170.93,176053,3
River,Leon Bridges,3hhbDnFUb2bicI2df6VurK,~,0.679,0.185,8,-10.786,1,0.0441,0.668,0.0,0.146,0.181,128.18,240200,4
Sound & Color,Alabama Shakes,65wx71brAmEQz66GXXF8gI,~,0.547,0.43,2,-7.393,1,0.0667,0.848,0.613,0.0825,0.175,114.729,182467,4
Gimme All Your Love,Alabama Shakes,3Z9LAdAlhMWX6KrWW0DGNp,~,0.382,0.57,6,-5.261,0,0.044,0.218,0.194,0.316,0.188,100.754,243461,3
Nikes,Frank Ocean,1ZyjmRCQy5J11z5gqywVvP,~,0.631,0.396,8,-9.646,1,0.091,0.692,0.000238,0.109,0.129,137.989,314075,4
Ivy,Frank Ocean,6YJZMNLwxl7am5XZEr7eqY,~,0.572,0.385,0,-9.581,1,0.0372,0.789,0.000405,0.229,0.454,116.448,249191,4
Skyline To,Frank Ocean,3QXm6zLOV9DKgLxmwqsysO,~,0.417,0.294,5,-13.665,0,0.06,0.883,5.95e-06,0.104,0.382,127.709,184600,4
Nights,Frank Ocean,4Jle0Cjj88YkM7jbAjiFjf,~,0.457,0.553,5,-9.345,0,0.162,0.418,1.22e-06,0.113,0.448,89.905,307151,4
Seigfried,Frank Ocean,5SDmwAmdAtDG9kyGniVBKN,~,0.293,0.255,4,-11.155,0,0.0416,0.975,0.000248,0.101,0.363,170.565,334570,5
White Ferrari,Frank Ocean,4r9CtoTORnhgolvhslLdTx,~,0.445,0.0939,0,-15.585,1,0.0363,0.781,0.0,0.297,0.234,108.979,248808,4
Godspeed,Frank Ocean,25imCZNjiNFsyi7W4ihirs,~,0.389,0.0953,6,-12.561,1,0.0471,0.931,0.00015,0.126,0.0759,109.267,177922,4
Futura Free,Frank Ocean,4pYVWodACQYeaT9whQT2Bm,~,0.273,0.83,1,-9.794,1,0.547,0.785,8.73e-05,0.468,0.2,84.648,564166,4
Pyramids,Frank Ocean,4QhWbupniDd44EDtnh2bFJ,~,0.4,0.65,5,-6.104,0,0.0466,0.0118,7.62e-05,0.791,0.15,107.989,592920,4
Solo,Frank Ocean,1h33ETRG7JVDtGT7daBW5B,~,0.441,0.288,5,-10.627,0,0.0372,0.852,2.86e-06,0.161,0.247,126.403,257380,4
Self Control,Frank Ocean,5RRbTnSvlD5AUYsQ1Cizor,~,0.545,0.21,8,-10.43,1,0.0337,0.769,0.0,0.372,0.446,80.058,249668,4
Raspberry,Grouplove,1F5A4LpF8ylUVtPoMAvNvn,~,0.492,0.779,3,-5.022,1,0.0498,0.0292,0.0,0.129,0.445,104.966,196027,4
Frank's Track,Kanye West,22AKQl8KRIpVN6euIKbRFN,~,0.75,0.161,11,-7.089,1,0.0747,0.972,0.0,0.105,0.768,79.599,38333,4
Brown Skin Girl,Leon Bridges,6koowTu9pFHPEcZnACLKbK,~,0.62,0.342,7,-8.769,1,0.0383,0.564,4.25e-05,0.131,0.307,104.335,206587,4
River,Leon Bridges,0NeJjNlprGfZpeX2LQuN6c,~,0.658,0.179,8,-10.866,1,0.0448,0.689,0.0,0.17,0.191,128.128,238560,4
Here In My Arms,Leon Bridges,6squXSZ3rl7tENdZiOuIEj,~,0.555,0.414,1,-8.514,0,0.0261,0.608,0.00615,0.0969,0.673,73.64,126920,4
Undone - The Sweater Song,Weezer,6FxbwB6o1MKOy0dHvxNr2W,~,0.45,0.652,6,-5.541,1,0.0276,0.00556,0.000786,0.0933,0.514,80.128,304987,4
Endless Bummer,Weezer,7MsP6bRg4d7rnuZqaN0HnE,~,0.595,0.379,5,-10.067,0,0.0252,0.19,0.0,0.638,0.475,101.962,254720,4
Dang! (feat. Anderson .Paak),Mac Miller,5iUQMwxUPdJBFeGkePtM66,~,0.836,0.67,5,-6.907,0,0.23,0.00826,0.000355,0.0837,0.556,107.018,305350,4
Analog 2,Odd Future,0d8ONGx43ZprlHlmLZODpD,~,0.599,0.673,1,-8.363,1,0.566,0.229,3.77e-05,0.066,0.262,148.044,276387,4
Pasadena (feat. Vic Mensa),Donnie Trumpet,1IfhjPjiTYrTFxyRlV5QRN,~,0.345,0.543,6,-10.707,0,0.0682,0.19,2.41e-06,0.187,0.343,114.291,187732,3
Angela,The Lumineers,5bodDpPolC3xlame0SVcDY,~,0.668,0.563,4,-8.23,1,0.0305,0.649,0.000347,0.11,0.289,130.366,201786,4
Real Love - Anthology 2 Version,The Beatles,5frMgt4jqRGJk3yMKfqOyl,~,0.375,0.694,8,-7.334,1,0.031,0.0458,0.019,0.257,0.405,175.726,234053,4
Blackbird - Remastered,The Beatles,4Z92RMiyJpUrApZi3LtpJ6,~,0.686,0.127,7,-14.361,1,0.0342,0.754,1.41e-05,0.0573,0.372,93.699,138387,4
Hero,Family of the Year,6GRDI9suQHikFP6euIXnpq,~,0.341,0.539,5,-5.76,1,0.0265,0.213,6.44e-05,0.109,0.267,174.564,190280,4
Bed Peace,Jhené Aiko,314RZbyTm14OCPTjSqSjiO,~,0.523,0.566,6,-7.78,1,0.0655,0.292,3.56e-05,0.115,0.275,120.029,256613,4
Pass the Vibes,Donnie Trumpet & The Social Experiment,3w04cXVTLNvkl6foI4K1ze,~,0.802,0.45,7,-9.741,1,0.064,0.734,0.544,0.0919,0.305,140.022,150830,4
Just Wait,Donnie Trumpet & The Social Experiment,2rx3VmG7rvDNUaEbwq7vW7,~,0.598,0.459,7,-11.864,1,0.0865,0.298,0.0139,0.0858,0.108,140.157,227305,4
what kind of love,Childish Gambino,5bNVtvzuIbX5WJRVITUzvU,~,0.325,0.153,2,-25.157,1,0.0356,0.716,0.00272,0.0959,0.301,80.151,242920,4
Bloodflood,alt-J,306zYyz3PFvBgLFGOCy9Xb,~,0.685,0.535,6,-8.908,0,0.0363,0.831,0.404,0.0896,0.218,130.023,249427,4
True Affection,The Blow,0tO8FKgGQzzuf8KGkHGeIw,~,0.823,0.354,1,-8.809,1,0.0474,0.632,0.0196,0.129,0.21,152.062,203013,4
Murder in the City,The Avett Brothers,5U6qAR1LJVflpoVAVSW6Rh,~,0.632,0.254,3,-10.898,1,0.0338,0.922,9.06e-05,0.13,0.232,106.026,192427,4
February Seven,The Avett Brothers,6B6C1OC9RUvrvBECPWtAZo,~,0.512,0.465,4,-7.144,1,0.0253,0.0591,3.08e-05,0.112,0.267,137.892,255013,4
Pusher,alt-J,2H6NbSsccvcT1j4jwAjDmf,~,0.619,0.0488,2,-18.962,1,0.061,0.949,0.000523,0.131,0.101,114.685,209271,4
The Ballad Of Love And Hate - Live At Bojangles' Coliseum/2009,The Avett Brothers,5MJp1pFZxgUEm2OQbC8jC7,~,0.363,0.199,4,-15.386,1,0.0395,0.789,1.31e-06,0.952,0.243,140.164,381960,3
If It's The Beaches,The Avett Brothers,0ZuIstS2vy1OxfHfEnsXv3,~,0.519,0.215,5,-11.627,1,0.0334,0.814,0.0068,0.0979,0.11,88.334,237120,4
Inside,Earl Sweatshirt,6e1Vn7zlOKQ14SdOfAZlpS,~,0.701,0.557,9,-9.889,0,0.312,0.162,0.0,0.153,0.371,142.028,109920,4
Sunday (feat. Frank Ocean),Earl Sweatshirt,0fAehaneUJdlSlWXYe1KZp,~,0.716,0.568,2,-8.904,1,0.212,0.278,1.98e-06,0.385,0.905,136.894,205800,4
Sweet Life,Frank Ocean,6MEDfjHxnVNcYmHe3mM6L2,~,0.479,0.558,11,-6.074,1,0.179,0.227,0.0,0.0808,0.8,83.465,262680,4
waves - Tame Impala Remix,Miguel,3lB0GMiI5KxDbTOG8V3bOx,~,0.529,0.894,2,-3.599,1,0.0412,0.308,5.38e-06,0.254,0.543,108.024,253347,4
Where Is My Mind?,Pixies,5BP0oaQ1VhuaznT77CBXQp,~,0.508,0.597,4,-8.063,1,0.0396,0.0177,0.000856,0.091,0.185,81.982,231667,4
Girl on a Train,Skizzy Mars,6M1nfYPKy7DRk3IrhFVViQ,~,0.711,0.678,9,-6.398,1,0.0476,0.219,0.0,0.176,0.615,94.04,182548,4
Give up on Me,Skizzy Mars,30pDjS9dWjzGHDWaps25p5,~,0.659,0.74,2,-6.181,1,0.243,0.172,0.0,0.362,0.427,89.042,243094,4
Childs Play (feat. Chance the Rapper),SZA,7GPstnufSTScEaw9dMxO9H,~,0.759,0.342,1,-9.044,0,0.0406,0.775,0.0,0.112,0.22,99.995,216234,4
Babylon (feat. Kendrick Lamar),SZA,6Aj2H0Z0v0JgnSfPEwCgW0,~,0.51,0.71,5,-6.891,0,0.113,0.629,0.0,0.0607,0.367,131.891,234285,4
High Again,Hoodie Allen,5GhdaaF51aI9ZzbzonyDKT,~,0.707,0.693,2,-7.191,1,0.122,0.0854,0.000317,0.151,0.288,88.97,210144,4
Stay for a While,Gibbz,1aQZKoiKKH8Y7bz0C18BGv,~,0.562,0.563,8,-5.854,1,0.209,0.468,0.00227,0.298,0.726,145.487,223562,4
Crown Violet - Bonus Track,Azizi Gibson,4Ru3FOAvXmlAFsjC8dUT5l,~,0.631,0.626,9,-7.747,0,0.114,0.479,0.0,0.108,0.11,107.007,187617,4
Shelter from the Storm,Bob Dylan,3y4Uza6K58JXQ7RYya8ZI5,~,0.486,0.241,4,-17.337,1,0.0366,0.413,3.51e-05,0.0928,0.614,106.574,301133,4
Landslide,Fleetwood Mac,5ihS6UUlyQAfmp48eSkxuQ,~,0.414,0.161,7,-22.32,0,0.0318,0.883,0.000223,0.117,0.423,159.375,199493,4
Wild Horses,The Rolling Stones,78QroUGyTfWodx1FT63ZPa,~,0.445,0.318,7,-9.728,1,0.0275,0.655,0.000742,0.0901,0.189,139.583,341613,4
White,Odd Future,2gEmgpnxseKEVRTwkSGopN,~,0.51,0.0671,3,-12.163,0,0.0689,0.744,0.0,0.166,0.197,106.017,122933,3
Living of Love,The Avett Brothers,6mrBx0PDSwGWsUnBGksKlw,~,0.469,0.427,8,-6.403,1,0.036,0.31,0.0,0.102,0.205,113.881,271333,4
The Weight of Lies,The Avett Brothers,6ARq4svx1Ns0Xvnhei9kpw,~,0.591,0.411,9,-7.496,1,0.0299,0.713,0.0,0.115,0.454,153.616,269680,4
3 Rounds And A Sound,Blind Pilot,0ROKraHEf4F02IyaudmAt6,~,0.381,0.288,1,-12.323,1,0.0337,0.843,0.00226,0.12,0.198,59.343,266960,4
Ten Thousand Words,The Avett Brothers,0MGMZ1413F9obd1qt4vkhy,~,0.479,0.29,7,-12.079,1,0.0334,0.849,0.000331,0.112,0.374,154.14,336000,4
Life,The Avett Brothers,7yqO8vYeyf8ahnLj9vOZ4G,~,0.435,0.235,11,-12.235,1,0.0297,0.457,0.000155,0.112,0.188,134.588,224133,4
Shut Up Kiss Me,Angel Olsen,5uZLsGY9fknBd5Rxr7AIss,~,0.373,0.63,7,-5.131,1,0.0461,0.0552,0.0,0.107,0.352,115.942,202200,4
Focus On You,KYLE,5agFHDGKCcZQBmhcg79ZJE,~,0.543,0.701,0,-7.745,1,0.224,0.0339,0.0,0.0734,0.344,80.752,213902,4
Love 4 You,KYLE,6ynFKtv2MPinHnfMKj6m25,~,0.791,0.641,5,-6.624,0,0.0898,0.0139,2.23e-06,0.0874,0.573,118.024,244235,4
Me and Your Mama,Childish Gambino,4TDoUr2meaXsfbPFMdrqOE,~,0.555,0.454,5,-11.806,1,0.0338,0.0116,0.0294,0.0708,0.214,118.003,379213,3
Solid Wall of Sound,A Tribe Called Quest,5OzOQRssjhxaBj0xd78Z2w,~,0.67,0.684,9,-6.053,0,0.401,0.311,0.000274,0.181,0.473,146.054,223347,4
Enough!!,A Tribe Called Quest,1WvGWCDuj0dfRpuBuYecXp,~,0.676,0.57,2,-7.23,1,0.0652,0.251,0.000663,0.295,0.236,77.381,200693,4
Redbone,Childish Gambino,47l9wxr6RwgoTSfnseBRcf,~,0.747,0.378,1,-10.454,1,0.109,0.195,0.0173,0.119,0.565,160.049,326880,4
Wat's Wrong (feat. Zacari & Kendrick Lamar),Isaiah Rashad,2RPbEp0DyBVlkRvvYKopO7,~,0.706,0.688,1,-6.357,1,0.269,0.151,0.0,0.466,0.313,125.966,330783,4
Sleep On The Floor,The Lumineers,5MMZJtHOiH1RmQSSe3DJdg,~,0.389,0.431,7,-8.061,1,0.0344,0.249,0.0,0.13,0.275,142.14,211851,4
Gun Song,The Lumineers,02VxlOxetoqdcq2G7zHImz,~,0.683,0.713,7,-5.512,1,0.025,0.294,2.47e-05,0.0997,0.286,96.27,216547,4
Slow It Down,The Lumineers,66nJBHV6WtQI3IiU6n8fY5,~,0.428,0.064,1,-14.42,1,0.0374,0.929,0.0,0.0859,0.108,142.436,307000,4
Don't You Cry For Me,Cobi,6fhEYtnORqxaEoxSrMH2bx,~,0.41,0.648,7,-4.469,1,0.0362,0.503,0.0,0.219,0.337,60.391,256333,4
What Is Yet,Blind Pilot,10CK3zHjc2rcol0tl3aNTX,~,0.502,0.257,1,-10.536,0,0.0314,0.827,0.0538,0.158,0.0792,112.97,367107,4
Seeing Is Believing,Blind Pilot,6N9WFsF4HtvKrWiLXxlttA,~,0.257,0.407,9,-8.507,1,0.0339,0.598,0.00186,0.0952,0.333,200.497,210267,3
Umpqua Rushing,Blind Pilot,5KDYoDGFVjJ0QBOgZm87Wm,~,0.472,0.598,0,-7.045,1,0.0357,0.215,0.00706,0.18,0.371,77.988,254747,4
Joik #3,Blind Pilot,0Y4GUS8Jyy412ndDGHwpOk,~,0.499,0.244,4,-10.399,1,0.0284,0.84,3.23e-05,0.0992,0.3,144.348,198213,3
Packed Powder,Blind Pilot,4JbKTG0iQ41As64aMNKkit,~,0.417,0.726,9,-5.946,1,0.0291,0.0203,0.055,0.0986,0.63,92.834,216200,4
He Doesn't Know Why,Fleet Foxes,2xa35aj67lT8L4teMR64XK,~,0.507,0.556,1,-5.53,1,0.0297,0.256,4.56e-05,0.339,0.464,93.951,200493,4
State Line,The Dip,6vDH7DeS588qqrbxDuj6MU,~,0.607,0.491,11,-6.643,1,0.0888,0.425,0.000507,0.109,0.69,88.781,172400,4
Social Sites,Cosmo Pyke,0puyikpyVwe8TTv2tvMHeq,~,0.411,0.618,4,-4.964,0,0.0469,0.109,0.0,0.279,0.211,120.734,289309,4
Diamonds,Danger Incorporated,2OrMrZo3yQ2zJHOttgZ992,~,0.614,0.618,6,-7.779,1,0.0612,0.379,3.8e-05,0.0784,0.269,107.674,251857,4
